oid,tgrelid,tgparentid,tgname,tgfoid,tgtype,tgenabled,tgisinternal,tgconstrrelid,tgconstrindid,tgconstraint,tgdeferrable,tginitdeferred,tgnargs,tgattr,tgargs,tgqual,tgoldtable,tgnewtable
17785,16453,0,RI_ConstraintTrigger_a_17785,1654,9,O,True,16463,17722,17784,False,False,0,,<memory at 0x000001A696BA6D40>,,,
17786,16453,0,RI_ConstraintTrigger_a_17786,1655,17,O,True,16463,17722,17784,False,False,0,,<memory at 0x000001A696BA65C0>,,,
17787,16463,0,RI_ConstraintTrigger_c_17787,1644,5,O,True,16453,17722,17784,False,False,0,,<memory at 0x000001A696BA74C0>,,,
17788,16463,0,RI_ConstraintTrigger_c_17788,1645,17,O,True,16453,17722,17784,False,False,0,,<memory at 0x000001A696BA5B40>,,,
17790,16651,0,RI_ConstraintTrigger_a_17790,1654,9,O,True,16594,17482,17789,False,False,0,,<memory at 0x000001A696BA6080>,,,
17791,16651,0,RI_ConstraintTrigger_a_17791,1655,17,O,True,16594,17482,17789,False,False,0,,<memory at 0x000001A696BA6680>,,,
17792,16594,0,RI_ConstraintTrigger_c_17792,1644,5,O,True,16651,17482,17789,False,False,0,,<memory at 0x000001A696BA6800>,,,
17793,16594,0,RI_ConstraintTrigger_c_17793,1645,17,O,True,16651,17482,17789,False,False,0,,<memory at 0x000001A696BA71C0>,,,
17795,16651,0,RI_ConstraintTrigger_a_17795,1654,9,O,True,16594,17482,17794,False,False,0,,<memory at 0x000001A696BA6F80>,,,
17796,16651,0,RI_ConstraintTrigger_a_17796,1655,17,O,True,16594,17482,17794,False,False,0,,<memory at 0x000001A696BA6E00>,,,
17797,16594,0,RI_ConstraintTrigger_c_17797,1644,5,O,True,16651,17482,17794,False,False,0,,<memory at 0x000001A696BA6BC0>,,,
17798,16594,0,RI_ConstraintTrigger_c_17798,1645,17,O,True,16651,17482,17794,False,False,0,,<memory at 0x000001A696BA7940>,,,
17800,16786,0,RI_ConstraintTrigger_a_17800,1654,9,O,True,16594,17754,17799,False,False,0,,<memory at 0x000001A696BA5FC0>,,,
17801,16786,0,RI_ConstraintTrigger_a_17801,1655,17,O,True,16594,17754,17799,False,False,0,,<memory at 0x000001A696BA6980>,,,
17802,16594,0,RI_ConstraintTrigger_c_17802,1644,5,O,True,16786,17754,17799,False,False,0,,<memory at 0x000001A696BA6B00>,,,
17803,16594,0,RI_ConstraintTrigger_c_17803,1645,17,O,True,16786,17754,17799,False,False,0,,<memory at 0x000001A696BA7340>,,,
17805,16463,0,RI_ConstraintTrigger_a_17805,1654,9,O,True,16480,17287,17804,False,False,0,,<memory at 0x000001A696BA7580>,,,
17806,16463,0,RI_ConstraintTrigger_a_17806,1655,17,O,True,16480,17287,17804,False,False,0,,<memory at 0x000001A696BA7700>,,,
17807,16480,0,RI_ConstraintTrigger_c_17807,1644,5,O,True,16463,17287,17804,False,False,0,,<memory at 0x000001A696BA7880>,,,
17808,16480,0,RI_ConstraintTrigger_c_17808,1645,17,O,True,16463,17287,17804,False,False,0,,<memory at 0x000001A696BA7B80>,,,
17810,16472,0,RI_ConstraintTrigger_a_17810,1654,9,O,True,16480,17295,17809,False,False,0,,<memory at 0x000001A696BA7D00>,,,
17811,16472,0,RI_ConstraintTrigger_a_17811,1655,17,O,True,16480,17295,17809,False,False,0,,<memory at 0x000001A696BA7E80>,,,
17812,16480,0,RI_ConstraintTrigger_c_17812,1644,5,O,True,16472,17295,17809,False,False,0,,<memory at 0x000001A696D10040>,,,
17813,16480,0,RI_ConstraintTrigger_c_17813,1645,17,O,True,16472,17295,17809,False,False,0,,<memory at 0x000001A696D101C0>,,,
17815,16435,0,RI_ConstraintTrigger_a_17815,1654,9,O,True,16480,17305,17814,False,False,0,,<memory at 0x000001A696D10340>,,,
17816,16435,0,RI_ConstraintTrigger_a_17816,1655,17,O,True,16480,17305,17814,False,False,0,,<memory at 0x000001A696D104C0>,,,
17817,16480,0,RI_ConstraintTrigger_c_17817,1644,5,O,True,16435,17305,17814,False,False,0,,<memory at 0x000001A696D10640>,,,
17818,16480,0,RI_ConstraintTrigger_c_17818,1645,17,O,True,16435,17305,17814,False,False,0,,<memory at 0x000001A696D107C0>,,,
17820,16441,0,RI_ConstraintTrigger_a_17820,1654,9,O,True,16493,17456,17819,False,False,0,,<memory at 0x000001A696D10940>,,,
17821,16441,0,RI_ConstraintTrigger_a_17821,1655,17,O,True,16493,17456,17819,False,False,0,,<memory at 0x000001A696D10AC0>,,,
17822,16493,0,RI_ConstraintTrigger_c_17822,1644,5,O,True,16441,17456,17819,False,False,0,,<memory at 0x000001A696D10C40>,,,
17823,16493,0,RI_ConstraintTrigger_c_17823,1645,17,O,True,16441,17456,17819,False,False,0,,<memory at 0x000001A696D10DC0>,,,
17825,16486,0,RI_ConstraintTrigger_a_17825,1654,9,O,True,16493,17323,17824,False,False,0,,<memory at 0x000001A696D10F40>,,,
17826,16486,0,RI_ConstraintTrigger_a_17826,1655,17,O,True,16493,17323,17824,False,False,0,,<memory at 0x000001A696D110C0>,,,
17827,16493,0,RI_ConstraintTrigger_c_17827,1644,5,O,True,16486,17323,17824,False,False,0,,<memory at 0x000001A696D11240>,,,
17828,16493,0,RI_ConstraintTrigger_c_17828,1645,17,O,True,16486,17323,17824,False,False,0,,<memory at 0x000001A696D113C0>,,,
17830,16435,0,RI_ConstraintTrigger_a_17830,1654,9,O,True,16493,17305,17829,False,False,0,,<memory at 0x000001A696D11540>,,,
17831,16435,0,RI_ConstraintTrigger_a_17831,1655,17,O,True,16493,17305,17829,False,False,0,,<memory at 0x000001A696D116C0>,,,
17832,16493,0,RI_ConstraintTrigger_c_17832,1644,5,O,True,16435,17305,17829,False,False,0,,<memory at 0x000001A696D11840>,,,
17833,16493,0,RI_ConstraintTrigger_c_17833,1645,17,O,True,16435,17305,17829,False,False,0,,<memory at 0x000001A696D119C0>,,,
17835,16524,0,RI_ConstraintTrigger_a_17835,1654,9,O,True,17103,17337,17834,False,False,0,,<memory at 0x000001A696D11B40>,,,
17836,16524,0,RI_ConstraintTrigger_a_17836,1655,17,O,True,17103,17337,17834,False,False,0,,<memory at 0x000001A696D11CC0>,,,
17837,17103,0,RI_ConstraintTrigger_c_17837,1644,5,O,True,16524,17337,17834,False,False,0,,<memory at 0x000001A696D11E40>,,,
17838,17103,0,RI_ConstraintTrigger_c_17838,1645,17,O,True,16524,17337,17834,False,False,0,,<memory at 0x000001A696D11FC0>,,,
17840,17113,0,RI_ConstraintTrigger_a_17840,1654,9,O,True,17103,17351,17839,False,False,0,,<memory at 0x000001A696D12140>,,,
17841,17113,0,RI_ConstraintTrigger_a_17841,1655,17,O,True,17103,17351,17839,False,False,0,,<memory at 0x000001A696D122C0>,,,
17842,17103,0,RI_ConstraintTrigger_c_17842,1644,5,O,True,17113,17351,17839,False,False,0,,<memory at 0x000001A696D12440>,,,
17843,17103,0,RI_ConstraintTrigger_c_17843,1645,17,O,True,17113,17351,17839,False,False,0,,<memory at 0x000001A696D125C0>,,,
17845,17113,0,RI_ConstraintTrigger_a_17845,1654,9,O,True,17120,17351,17844,False,False,0,,<memory at 0x000001A696D12740>,,,
17846,17113,0,RI_ConstraintTrigger_a_17846,1655,17,O,True,17120,17351,17844,False,False,0,,<memory at 0x000001A696D128C0>,,,
17847,17120,0,RI_ConstraintTrigger_c_17847,1644,5,O,True,17113,17351,17844,False,False,0,,<memory at 0x000001A696D12A40>,,,
17848,17120,0,RI_ConstraintTrigger_c_17848,1645,17,O,True,17113,17351,17844,False,False,0,,<memory at 0x000001A696D12BC0>,,,
17850,17113,0,RI_ConstraintTrigger_a_17850,1654,9,O,True,17120,17351,17849,False,False,0,,<memory at 0x000001A696D12D40>,,,
17851,17113,0,RI_ConstraintTrigger_a_17851,1655,17,O,True,17120,17351,17849,False,False,0,,<memory at 0x000001A696D12EC0>,,,
17852,17120,0,RI_ConstraintTrigger_c_17852,1644,5,O,True,17113,17351,17849,False,False,0,,<memory at 0x000001A696D13040>,,,
17853,17120,0,RI_ConstraintTrigger_c_17853,1645,17,O,True,17113,17351,17849,False,False,0,,<memory at 0x000001A696D131C0>,,,
17855,16441,0,RI_ConstraintTrigger_a_17855,1654,9,O,True,17128,17456,17854,False,False,0,,<memory at 0x000001A696D13340>,,,
17856,16441,0,RI_ConstraintTrigger_a_17856,1655,17,O,True,17128,17456,17854,False,False,0,,<memory at 0x000001A696D134C0>,,,
17857,17128,0,RI_ConstraintTrigger_c_17857,1644,5,O,True,16441,17456,17854,False,False,0,,<memory at 0x000001A696D13640>,,,
17858,17128,0,RI_ConstraintTrigger_c_17858,1645,17,O,True,16441,17456,17854,False,False,0,,<memory at 0x000001A696D137C0>,,,
17860,17274,0,RI_ConstraintTrigger_a_17860,1654,9,O,True,17128,17730,17859,False,False,0,,<memory at 0x000001A696D13940>,,,
17861,17274,0,RI_ConstraintTrigger_a_17861,1655,17,O,True,17128,17730,17859,False,False,0,,<memory at 0x000001A696D13AC0>,,,
17862,17128,0,RI_ConstraintTrigger_c_17862,1644,5,O,True,17274,17730,17859,False,False,0,,<memory at 0x000001A696D13C40>,,,
17863,17128,0,RI_ConstraintTrigger_c_17863,1645,17,O,True,17274,17730,17859,False,False,0,,<memory at 0x000001A696D13DC0>,,,
17865,17223,0,RI_ConstraintTrigger_a_17865,1654,9,O,True,17128,17664,17864,False,False,0,,<memory at 0x000001A696D13F40>,,,
17866,17223,0,RI_ConstraintTrigger_a_17866,1655,17,O,True,17128,17664,17864,False,False,0,,<memory at 0x000001A696D1C100>,,,
17867,17128,0,RI_ConstraintTrigger_c_17867,1644,5,O,True,17223,17664,17864,False,False,0,,<memory at 0x000001A696D1C280>,,,
17868,17128,0,RI_ConstraintTrigger_c_17868,1645,17,O,True,17223,17664,17864,False,False,0,,<memory at 0x000001A696D1C400>,,,
17870,16539,0,RI_ConstraintTrigger_a_17870,1654,9,O,True,16611,17404,17869,False,False,0,,<memory at 0x000001A696D1C580>,,,
17871,16539,0,RI_ConstraintTrigger_a_17871,1655,17,O,True,16611,17404,17869,False,False,0,,<memory at 0x000001A696D1C700>,,,
17872,16611,0,RI_ConstraintTrigger_c_17872,1644,5,O,True,16539,17404,17869,False,False,0,,<memory at 0x000001A696D1C880>,,,
17873,16611,0,RI_ConstraintTrigger_c_17873,1645,17,O,True,16539,17404,17869,False,False,0,,<memory at 0x000001A696D1CA00>,,,
17875,16441,0,RI_ConstraintTrigger_a_17875,1654,9,O,True,16499,17456,17874,False,False,0,,<memory at 0x000001A696D1CB80>,,,
17876,16441,0,RI_ConstraintTrigger_a_17876,1655,17,O,True,16499,17456,17874,False,False,0,,<memory at 0x000001A696D1CD00>,,,
17877,16499,0,RI_ConstraintTrigger_c_17877,1644,5,O,True,16441,17456,17874,False,False,0,,<memory at 0x000001A696D1CE80>,,,
17878,16499,0,RI_ConstraintTrigger_c_17878,1645,17,O,True,16441,17456,17874,False,False,0,,<memory at 0x000001A696D1D000>,,,
17880,16441,0,RI_ConstraintTrigger_a_17880,1654,9,O,True,16539,17456,17879,False,False,0,,<memory at 0x000001A696D1D180>,,,
17881,16441,0,RI_ConstraintTrigger_a_17881,1655,17,O,True,16539,17456,17879,False,False,0,,<memory at 0x000001A696D1D300>,,,
17882,16539,0,RI_ConstraintTrigger_c_17882,1644,5,O,True,16441,17456,17879,False,False,0,,<memory at 0x000001A696D1D480>,,,
17883,16539,0,RI_ConstraintTrigger_c_17883,1645,17,O,True,16441,17456,17879,False,False,0,,<memory at 0x000001A696D1D600>,,,
17885,16532,0,RI_ConstraintTrigger_a_17885,1654,9,O,True,16556,17396,17884,False,False,0,,<memory at 0x000001A696D1D780>,,,
17886,16532,0,RI_ConstraintTrigger_a_17886,1655,17,O,True,16556,17396,17884,False,False,0,,<memory at 0x000001A696D1D900>,,,
17887,16556,0,RI_ConstraintTrigger_c_17887,1644,5,O,True,16532,17396,17884,False,False,0,,<memory at 0x000001A696D1DA80>,,,
17888,16556,0,RI_ConstraintTrigger_c_17888,1645,17,O,True,16532,17396,17884,False,False,0,,<memory at 0x000001A696D1DC00>,,,
17890,16539,0,RI_ConstraintTrigger_a_17890,1654,9,O,True,16556,17404,17889,False,False,0,,<memory at 0x000001A696D1DD80>,,,
17891,16539,0,RI_ConstraintTrigger_a_17891,1655,17,O,True,16556,17404,17889,False,False,0,,<memory at 0x000001A696D1DF00>,,,
17892,16556,0,RI_ConstraintTrigger_c_17892,1644,5,O,True,16539,17404,17889,False,False,0,,<memory at 0x000001A696D1E080>,,,
17893,16556,0,RI_ConstraintTrigger_c_17893,1645,17,O,True,16539,17404,17889,False,False,0,,<memory at 0x000001A696D1E200>,,,
17895,16578,0,RI_ConstraintTrigger_a_17895,1654,9,O,True,16556,17686,17894,False,False,0,,<memory at 0x000001A696D1E380>,,,
17896,16578,0,RI_ConstraintTrigger_a_17896,1655,17,O,True,16556,17686,17894,False,False,0,,<memory at 0x000001A696D1E500>,,,
17897,16556,0,RI_ConstraintTrigger_c_17897,1644,5,O,True,16578,17686,17894,False,False,0,,<memory at 0x000001A696D1E680>,,,
17898,16556,0,RI_ConstraintTrigger_c_17898,1645,17,O,True,16578,17686,17894,False,False,0,,<memory at 0x000001A696D1E800>,,,
17900,16539,0,RI_ConstraintTrigger_a_17900,1654,9,O,True,16561,17404,17899,False,False,0,,<memory at 0x000001A696D1E980>,,,
17901,16539,0,RI_ConstraintTrigger_a_17901,1655,17,O,True,16561,17404,17899,False,False,0,,<memory at 0x000001A696D1EB00>,,,
17902,16561,0,RI_ConstraintTrigger_c_17902,1644,5,O,True,16539,17404,17899,False,False,0,,<memory at 0x000001A696D1EC80>,,,
17903,16561,0,RI_ConstraintTrigger_c_17903,1645,17,O,True,16539,17404,17899,False,False,0,,<memory at 0x000001A696D1EE00>,,,
17905,16539,0,RI_ConstraintTrigger_a_17905,1654,9,O,True,16570,17404,17904,False,False,0,,<memory at 0x000001A696D1EF80>,,,
17906,16539,0,RI_ConstraintTrigger_a_17906,1655,17,O,True,16570,17404,17904,False,False,0,,<memory at 0x000001A696D1F100>,,,
17907,16570,0,RI_ConstraintTrigger_c_17907,1644,5,O,True,16539,17404,17904,False,False,0,,<memory at 0x000001A696D1F280>,,,
17908,16570,0,RI_ConstraintTrigger_c_17908,1645,17,O,True,16539,17404,17904,False,False,0,,<memory at 0x000001A696D1F400>,,,
17910,16441,0,RI_ConstraintTrigger_a_17910,1654,9,O,True,16505,17456,17909,False,False,0,,<memory at 0x000001A696D1F580>,,,
17911,16441,0,RI_ConstraintTrigger_a_17911,1655,17,O,True,16505,17456,17909,False,False,0,,<memory at 0x000001A696D1F700>,,,
17912,16505,0,RI_ConstraintTrigger_c_17912,1644,5,O,True,16441,17456,17909,False,False,0,,<memory at 0x000001A696D1F880>,,,
17913,16505,0,RI_ConstraintTrigger_c_17913,1645,17,O,True,16441,17456,17909,False,False,0,,<memory at 0x000001A696D1FA00>,,,
17915,16435,0,RI_ConstraintTrigger_a_17915,1654,9,O,True,16441,17305,17914,False,False,0,,<memory at 0x000001A696D1FB80>,,,
17916,16435,0,RI_ConstraintTrigger_a_17916,1655,17,O,True,16441,17305,17914,False,False,0,,<memory at 0x000001A696D1FD00>,,,
17917,16441,0,RI_ConstraintTrigger_c_17917,1644,5,O,True,16435,17305,17914,False,False,0,,<memory at 0x000001A696D1FE80>,,,
17918,16441,0,RI_ConstraintTrigger_c_17918,1645,17,O,True,16435,17305,17914,False,False,0,,<memory at 0x000001A696CF4040>,,,
17920,16441,0,RI_ConstraintTrigger_a_17920,1654,9,O,True,17136,17456,17919,False,False,0,,<memory at 0x000001A696CF41C0>,,,
17921,16441,0,RI_ConstraintTrigger_a_17921,1655,17,O,True,17136,17456,17919,False,False,0,,<memory at 0x000001A696CF4340>,,,
17922,17136,0,RI_ConstraintTrigger_c_17922,1644,5,O,True,16441,17456,17919,False,False,0,,<memory at 0x000001A696CF44C0>,,,
17923,17136,0,RI_ConstraintTrigger_c_17923,1645,17,O,True,16441,17456,17919,False,False,0,,<memory at 0x000001A696CF4640>,,,
17925,17108,0,RI_ConstraintTrigger_a_17925,1654,9,O,True,17136,17345,17924,False,False,0,,<memory at 0x000001A696CF47C0>,,,
17926,17108,0,RI_ConstraintTrigger_a_17926,1655,17,O,True,17136,17345,17924,False,False,0,,<memory at 0x000001A696CF4940>,,,
17927,17136,0,RI_ConstraintTrigger_c_17927,1644,5,O,True,17108,17345,17924,False,False,0,,<memory at 0x000001A696CF4AC0>,,,
17928,17136,0,RI_ConstraintTrigger_c_17928,1645,17,O,True,17108,17345,17924,False,False,0,,<memory at 0x000001A696CF4C40>,,,
17930,16441,0,RI_ConstraintTrigger_a_17930,1654,9,O,True,16518,17456,17929,False,False,0,,<memory at 0x000001A696CF4DC0>,,,
17931,16441,0,RI_ConstraintTrigger_a_17931,1655,17,O,True,16518,17456,17929,False,False,0,,<memory at 0x000001A696CF4F40>,,,
17932,16518,0,RI_ConstraintTrigger_c_17932,1644,5,O,True,16441,17456,17929,False,False,0,,<memory at 0x000001A696CF50C0>,,,
17933,16518,0,RI_ConstraintTrigger_c_17933,1645,17,O,True,16441,17456,17929,False,False,0,,<memory at 0x000001A696CF5240>,,,
17935,16511,0,RI_ConstraintTrigger_a_17935,1654,9,O,True,16518,17474,17934,False,False,0,,<memory at 0x000001A696CF53C0>,,,
17936,16511,0,RI_ConstraintTrigger_a_17936,1655,17,O,True,16518,17474,17934,False,False,0,,<memory at 0x000001A696CF5540>,,,
17937,16518,0,RI_ConstraintTrigger_c_17937,1644,5,O,True,16511,17474,17934,False,False,0,,<memory at 0x000001A696CF56C0>,,,
17938,16518,0,RI_ConstraintTrigger_c_17938,1645,17,O,True,16511,17474,17934,False,False,0,,<memory at 0x000001A696CF5840>,,,
17940,16786,0,RI_ConstraintTrigger_a_17940,1654,9,O,True,16651,17754,17939,False,False,0,,<memory at 0x000001A696CF59C0>,,,
17941,16786,0,RI_ConstraintTrigger_a_17941,1655,17,O,True,16651,17754,17939,False,False,0,,<memory at 0x000001A696CF5B40>,,,
17942,16651,0,RI_ConstraintTrigger_c_17942,1644,5,O,True,16786,17754,17939,False,False,0,,<memory at 0x000001A696CF5CC0>,,,
17943,16651,0,RI_ConstraintTrigger_c_17943,1645,17,O,True,16786,17754,17939,False,False,0,,<memory at 0x000001A696CF5E40>,,,
17945,16786,0,RI_ConstraintTrigger_a_17945,1654,9,O,True,16651,17754,17944,False,False,0,,<memory at 0x000001A696CF5FC0>,,,
17946,16786,0,RI_ConstraintTrigger_a_17946,1655,17,O,True,16651,17754,17944,False,False,0,,<memory at 0x000001A696CF6140>,,,
17947,16651,0,RI_ConstraintTrigger_c_17947,1644,5,O,True,16786,17754,17944,False,False,0,,<memory at 0x000001A696CF62C0>,,,
17948,16651,0,RI_ConstraintTrigger_c_17948,1645,17,O,True,16786,17754,17944,False,False,0,,<memory at 0x000001A696CF6440>,,,
17950,16642,0,RI_ConstraintTrigger_a_17950,1654,9,O,True,16651,17534,17949,False,False,0,,<memory at 0x000001A696CF65C0>,,,
17951,16642,0,RI_ConstraintTrigger_a_17951,1655,17,O,True,16651,17534,17949,False,False,0,,<memory at 0x000001A696CF6740>,,,
17952,16651,0,RI_ConstraintTrigger_c_17952,1644,5,O,True,16642,17534,17949,False,False,0,,<memory at 0x000001A696CF68C0>,,,
17953,16651,0,RI_ConstraintTrigger_c_17953,1645,17,O,True,16642,17534,17949,False,False,0,,<memory at 0x000001A696CF6A40>,,,
17955,16633,0,RI_ConstraintTrigger_a_17955,1654,9,O,True,16651,17572,17954,False,False,0,,<memory at 0x000001A696CF6BC0>,,,
17956,16633,0,RI_ConstraintTrigger_a_17956,1655,17,O,True,16651,17572,17954,False,False,0,,<memory at 0x000001A696CF6D40>,,,
17957,16651,0,RI_ConstraintTrigger_c_17957,1644,5,O,True,16633,17572,17954,False,False,0,,<memory at 0x000001A696CF6EC0>,,,
17958,16651,0,RI_ConstraintTrigger_c_17958,1645,17,O,True,16633,17572,17954,False,False,0,,<memory at 0x000001A696CF7040>,,,
17960,16651,0,RI_ConstraintTrigger_a_17960,1654,9,O,True,16671,17482,17959,False,False,0,,<memory at 0x000001A696CF71C0>,,,
17961,16651,0,RI_ConstraintTrigger_a_17961,1655,17,O,True,16671,17482,17959,False,False,0,,<memory at 0x000001A696CF7340>,,,
17962,16671,0,RI_ConstraintTrigger_c_17962,1644,5,O,True,16651,17482,17959,False,False,0,,<memory at 0x000001A696CF74C0>,,,
17963,16671,0,RI_ConstraintTrigger_c_17963,1645,17,O,True,16651,17482,17959,False,False,0,,<memory at 0x000001A696CF7640>,,,
17965,16651,0,RI_ConstraintTrigger_a_17965,1654,9,O,True,16686,17482,17964,False,False,0,,<memory at 0x000001A696CF77C0>,,,
17966,16651,0,RI_ConstraintTrigger_a_17966,1655,17,O,True,16686,17482,17964,False,False,0,,<memory at 0x000001A696CF7940>,,,
17967,16686,0,RI_ConstraintTrigger_c_17967,1644,5,O,True,16651,17482,17964,False,False,0,,<memory at 0x000001A696CF7AC0>,,,
17968,16686,0,RI_ConstraintTrigger_c_17968,1645,17,O,True,16651,17482,17964,False,False,0,,<memory at 0x000001A696CF7C40>,,,
17970,16611,0,RI_ConstraintTrigger_a_17970,1654,9,O,True,16686,17381,17969,False,False,0,,<memory at 0x000001A696CF7DC0>,,,
17971,16611,0,RI_ConstraintTrigger_a_17971,1655,17,O,True,16686,17381,17969,False,False,0,,<memory at 0x000001A696CF7F40>,,,
17972,16686,0,RI_ConstraintTrigger_c_17972,1644,5,O,True,16611,17381,17969,False,False,0,,<memory at 0x000001A696D14100>,,,
17973,16686,0,RI_ConstraintTrigger_c_17973,1645,17,O,True,16611,17381,17969,False,False,0,,<memory at 0x000001A696D14280>,,,
17975,16693,0,RI_ConstraintTrigger_a_17975,1654,9,O,True,16704,17442,17974,False,False,0,,<memory at 0x000001A696D14400>,,,
17976,16693,0,RI_ConstraintTrigger_a_17976,1655,17,O,True,16704,17442,17974,False,False,0,,<memory at 0x000001A696D14580>,,,
17977,16704,0,RI_ConstraintTrigger_c_17977,1644,5,O,True,16693,17442,17974,False,False,0,,<memory at 0x000001A696D14700>,,,
17978,16704,0,RI_ConstraintTrigger_c_17978,1645,17,O,True,16693,17442,17974,False,False,0,,<memory at 0x000001A696D14880>,,,
17980,16651,0,RI_ConstraintTrigger_a_17980,1654,9,O,True,16704,17482,17979,False,False,0,,<memory at 0x000001A696D14A00>,,,
17981,16651,0,RI_ConstraintTrigger_a_17981,1655,17,O,True,16704,17482,17979,False,False,0,,<memory at 0x000001A696D14B80>,,,
17982,16704,0,RI_ConstraintTrigger_c_17982,1644,5,O,True,16651,17482,17979,False,False,0,,<memory at 0x000001A696D14D00>,,,
17983,16704,0,RI_ConstraintTrigger_c_17983,1645,17,O,True,16651,17482,17979,False,False,0,,<memory at 0x000001A696D14E80>,,,
17985,16651,0,RI_ConstraintTrigger_a_17985,1654,9,O,True,16711,17482,17984,False,False,0,,<memory at 0x000001A696D15000>,,,
17986,16651,0,RI_ConstraintTrigger_a_17986,1655,17,O,True,16711,17482,17984,False,False,0,,<memory at 0x000001A696D15180>,,,
17987,16711,0,RI_ConstraintTrigger_c_17987,1644,5,O,True,16651,17482,17984,False,False,0,,<memory at 0x000001A696D15300>,,,
17988,16711,0,RI_ConstraintTrigger_c_17988,1645,17,O,True,16651,17482,17984,False,False,0,,<memory at 0x000001A696D15480>,,,
17990,16642,0,RI_ConstraintTrigger_a_17990,1654,9,O,True,16727,17534,17989,False,False,0,,<memory at 0x000001A696D15600>,,,
17991,16642,0,RI_ConstraintTrigger_a_17991,1655,17,O,True,16727,17534,17989,False,False,0,,<memory at 0x000001A696D15780>,,,
17992,16727,0,RI_ConstraintTrigger_c_17992,1644,5,O,True,16642,17534,17989,False,False,0,,<memory at 0x000001A696D15900>,,,
17993,16727,0,RI_ConstraintTrigger_c_17993,1645,17,O,True,16642,17534,17989,False,False,0,,<memory at 0x000001A696D15A80>,,,
17995,16720,0,RI_ConstraintTrigger_a_17995,1654,9,O,True,16727,17434,17994,False,False,0,,<memory at 0x000001A696D15C00>,,,
17996,16720,0,RI_ConstraintTrigger_a_17996,1655,17,O,True,16727,17434,17994,False,False,0,,<memory at 0x000001A696D15D80>,,,
17997,16727,0,RI_ConstraintTrigger_c_17997,1644,5,O,True,16720,17434,17994,False,False,0,,<memory at 0x000001A696D15F00>,,,
17998,16727,0,RI_ConstraintTrigger_c_17998,1645,17,O,True,16720,17434,17994,False,False,0,,<memory at 0x000001A696D16080>,,,
18005,16605,0,RI_ConstraintTrigger_a_18005,1654,9,O,True,16731,17373,18004,False,False,0,,<memory at 0x000001A696D16200>,,,
18006,16605,0,RI_ConstraintTrigger_a_18006,1655,17,O,True,16731,17373,18004,False,False,0,,<memory at 0x000001A696D16380>,,,
18007,16731,0,RI_ConstraintTrigger_c_18007,1644,5,O,True,16605,17373,18004,False,False,0,,<memory at 0x000001A696D16500>,,,
18008,16731,0,RI_ConstraintTrigger_c_18008,1645,17,O,True,16605,17373,18004,False,False,0,,<memory at 0x000001A696D16680>,,,
18010,16642,0,RI_ConstraintTrigger_a_18010,1654,9,O,True,16731,17534,18009,False,False,0,,<memory at 0x000001A696D16800>,,,
18011,16642,0,RI_ConstraintTrigger_a_18011,1655,17,O,True,16731,17534,18009,False,False,0,,<memory at 0x000001A696D16980>,,,
18012,16731,0,RI_ConstraintTrigger_c_18012,1644,5,O,True,16642,17534,18009,False,False,0,,<memory at 0x000001A696D16B00>,,,
18013,16731,0,RI_ConstraintTrigger_c_18013,1645,17,O,True,16642,17534,18009,False,False,0,,<memory at 0x000001A696D16C80>,,,
18015,16651,0,RI_ConstraintTrigger_a_18015,1654,9,O,True,16743,17482,18014,False,False,0,,<memory at 0x000001A696D16E00>,,,
18016,16651,0,RI_ConstraintTrigger_a_18016,1655,17,O,True,16743,17482,18014,False,False,0,,<memory at 0x000001A696D16F80>,,,
18017,16743,0,RI_ConstraintTrigger_c_18017,1644,5,O,True,16651,17482,18014,False,False,0,,<memory at 0x000001A696D17100>,,,
18018,16743,0,RI_ConstraintTrigger_c_18018,1645,17,O,True,16651,17482,18014,False,False,0,,<memory at 0x000001A696D17280>,,,
18020,16736,0,RI_ConstraintTrigger_a_18020,1654,9,O,True,16743,17554,18019,False,False,0,,<memory at 0x000001A696D17400>,,,
18021,16736,0,RI_ConstraintTrigger_a_18021,1655,17,O,True,16743,17554,18019,False,False,0,,<memory at 0x000001A696D17580>,,,
18022,16743,0,RI_ConstraintTrigger_c_18022,1644,5,O,True,16736,17554,18019,False,False,0,,<memory at 0x000001A696D17700>,,,
18023,16743,0,RI_ConstraintTrigger_c_18023,1645,17,O,True,16736,17554,18019,False,False,0,,<memory at 0x000001A696D17880>,,,
18025,16651,0,RI_ConstraintTrigger_a_18025,1654,9,O,True,16749,17482,18024,False,False,0,,<memory at 0x000001A696D17A00>,,,
18026,16651,0,RI_ConstraintTrigger_a_18026,1655,17,O,True,16749,17482,18024,False,False,0,,<memory at 0x000001A696D17B80>,,,
18027,16749,0,RI_ConstraintTrigger_c_18027,1644,5,O,True,16651,17482,18024,False,False,0,,<memory at 0x000001A696D17D00>,,,
18028,16749,0,RI_ConstraintTrigger_c_18028,1645,17,O,True,16651,17482,18024,False,False,0,,<memory at 0x000001A696D17E80>,,,
18030,16624,0,RI_ConstraintTrigger_a_18030,1654,9,O,True,16633,17490,18029,False,False,0,,<memory at 0x000001A696CE4040>,,,
18031,16624,0,RI_ConstraintTrigger_a_18031,1655,17,O,True,16633,17490,18029,False,False,0,,<memory at 0x000001A696CE41C0>,,,
18032,16633,0,RI_ConstraintTrigger_c_18032,1644,5,O,True,16624,17490,18029,False,False,0,,<memory at 0x000001A696CE4340>,,,
18033,16633,0,RI_ConstraintTrigger_c_18033,1645,17,O,True,16624,17490,18029,False,False,0,,<memory at 0x000001A696CE44C0>,,,
18035,16651,0,RI_ConstraintTrigger_a_18035,1654,9,O,True,17037,17482,18034,False,False,0,,<memory at 0x000001A696CE4640>,,,
18036,16651,0,RI_ConstraintTrigger_a_18036,1655,17,O,True,17037,17482,18034,False,False,0,,<memory at 0x000001A696CE47C0>,,,
18037,17037,0,RI_ConstraintTrigger_c_18037,1644,5,O,True,16651,17482,18034,False,False,0,,<memory at 0x000001A696CE4940>,,,
18038,17037,0,RI_ConstraintTrigger_c_18038,1645,17,O,True,16651,17482,18034,False,False,0,,<memory at 0x000001A696CE4AC0>,,,
18040,16786,0,RI_ConstraintTrigger_a_18040,1654,9,O,True,17037,17754,18039,False,False,0,,<memory at 0x000001A696CE4C40>,,,
18041,16786,0,RI_ConstraintTrigger_a_18041,1655,17,O,True,17037,17754,18039,False,False,0,,<memory at 0x000001A696CE4DC0>,,,
18042,17037,0,RI_ConstraintTrigger_c_18042,1644,5,O,True,16786,17754,18039,False,False,0,,<memory at 0x000001A696CE4F40>,,,
18043,17037,0,RI_ConstraintTrigger_c_18043,1645,17,O,True,16786,17754,18039,False,False,0,,<memory at 0x000001A696CE50C0>,,,
18045,17093,0,RI_ConstraintTrigger_a_18045,1654,9,O,True,17037,17762,18044,False,False,0,,<memory at 0x000001A696CE5240>,,,
18046,17093,0,RI_ConstraintTrigger_a_18046,1655,17,O,True,17037,17762,18044,False,False,0,,<memory at 0x000001A696CE53C0>,,,
18047,17037,0,RI_ConstraintTrigger_c_18047,1644,5,O,True,17093,17762,18044,False,False,0,,<memory at 0x000001A696CE5540>,,,
18048,17037,0,RI_ConstraintTrigger_c_18048,1645,17,O,True,17093,17762,18044,False,False,0,,<memory at 0x000001A696CE56C0>,,,
18050,16651,0,RI_ConstraintTrigger_a_18050,1654,9,O,True,17050,17482,18049,False,False,0,,<memory at 0x000001A696CE5840>,,,
18051,16651,0,RI_ConstraintTrigger_a_18051,1655,17,O,True,17050,17482,18049,False,False,0,,<memory at 0x000001A696CE59C0>,,,
18052,17050,0,RI_ConstraintTrigger_c_18052,1644,5,O,True,16651,17482,18049,False,False,0,,<memory at 0x000001A696CE5B40>,,,
18053,17050,0,RI_ConstraintTrigger_c_18053,1645,17,O,True,16651,17482,18049,False,False,0,,<memory at 0x000001A696CE5CC0>,,,
18055,17062,0,RI_ConstraintTrigger_a_18055,1654,9,O,True,17050,17596,18054,False,False,0,,<memory at 0x000001A696CE5E40>,,,
18056,17062,0,RI_ConstraintTrigger_a_18056,1655,17,O,True,17050,17596,18054,False,False,0,,<memory at 0x000001A696CE5FC0>,,,
18057,17050,0,RI_ConstraintTrigger_c_18057,1644,5,O,True,17062,17596,18054,False,False,0,,<memory at 0x000001A696CE6140>,,,
18058,17050,0,RI_ConstraintTrigger_c_18058,1645,17,O,True,17062,17596,18054,False,False,0,,<memory at 0x000001A696CE62C0>,,,
18060,16539,0,RI_ConstraintTrigger_a_18060,1654,9,O,True,17062,17404,18059,False,False,0,,<memory at 0x000001A696CE6440>,,,
18061,16539,0,RI_ConstraintTrigger_a_18061,1655,17,O,True,17062,17404,18059,False,False,0,,<memory at 0x000001A696CE65C0>,,,
18062,17062,0,RI_ConstraintTrigger_c_18062,1644,5,O,True,16539,17404,18059,False,False,0,,<memory at 0x000001A696CE6740>,,,
18063,17062,0,RI_ConstraintTrigger_c_18063,1645,17,O,True,16539,17404,18059,False,False,0,,<memory at 0x000001A696CE68C0>,,,
18065,17093,0,RI_ConstraintTrigger_a_18065,1654,9,O,True,17062,17762,18064,False,False,0,,<memory at 0x000001A696CE6A40>,,,
18066,17093,0,RI_ConstraintTrigger_a_18066,1655,17,O,True,17062,17762,18064,False,False,0,,<memory at 0x000001A696CE6BC0>,,,
18067,17062,0,RI_ConstraintTrigger_c_18067,1644,5,O,True,17093,17762,18064,False,False,0,,<memory at 0x000001A696CE6D40>,,,
18068,17062,0,RI_ConstraintTrigger_c_18068,1645,17,O,True,17093,17762,18064,False,False,0,,<memory at 0x000001A696CE6EC0>,,,
18070,17081,0,RI_ConstraintTrigger_a_18070,1654,9,O,True,17062,17694,18069,False,False,0,,<memory at 0x000001A696CE7040>,,,
18071,17081,0,RI_ConstraintTrigger_a_18071,1655,17,O,True,17062,17694,18069,False,False,0,,<memory at 0x000001A696CE71C0>,,,
18072,17062,0,RI_ConstraintTrigger_c_18072,1644,5,O,True,17081,17694,18069,False,False,0,,<memory at 0x000001A696CE7340>,,,
18073,17062,0,RI_ConstraintTrigger_c_18073,1645,17,O,True,17081,17694,18069,False,False,0,,<memory at 0x000001A696CE74C0>,,,
18075,17154,0,RI_ConstraintTrigger_a_18075,1646,9,O,True,17141,17618,18074,False,False,0,,<memory at 0x000001A696CE7640>,,,
18076,17154,0,RI_ConstraintTrigger_a_18076,1655,17,O,True,17141,17618,18074,False,False,0,,<memory at 0x000001A696CE77C0>,,,
18077,17141,0,RI_ConstraintTrigger_c_18077,1644,5,O,True,17154,17618,18074,False,False,0,,<memory at 0x000001A696CE7940>,,,
18078,17141,0,RI_ConstraintTrigger_c_18078,1645,17,O,True,17154,17618,18074,False,False,0,,<memory at 0x000001A696CE7AC0>,,,
18080,17269,0,RI_ConstraintTrigger_a_18080,1654,9,O,True,17141,17716,18079,False,False,0,,<memory at 0x000001A696CE7C40>,,,
18081,17269,0,RI_ConstraintTrigger_a_18081,1655,17,O,True,17141,17716,18079,False,False,0,,<memory at 0x000001A696CE7DC0>,,,
18082,17141,0,RI_ConstraintTrigger_c_18082,1644,5,O,True,17269,17716,18079,False,False,0,,<memory at 0x000001A696CE7F40>,,,
18083,17141,0,RI_ConstraintTrigger_c_18083,1645,17,O,True,17269,17716,18079,False,False,0,,<memory at 0x000001A6998A8100>,,,
18085,16463,0,RI_ConstraintTrigger_a_18085,1654,9,O,True,17154,17287,18084,False,False,0,,<memory at 0x000001A6998A8280>,,,
18086,16463,0,RI_ConstraintTrigger_a_18086,1655,17,O,True,17154,17287,18084,False,False,0,,<memory at 0x000001A6998A8400>,,,
18087,17154,0,RI_ConstraintTrigger_c_18087,1644,5,O,True,16463,17287,18084,False,False,0,,<memory at 0x000001A6998A8580>,,,
18088,17154,0,RI_ConstraintTrigger_c_18088,1645,17,O,True,16463,17287,18084,False,False,0,,<memory at 0x000001A6998A8700>,,,
18090,16463,0,RI_ConstraintTrigger_a_18090,1654,9,O,True,17154,17287,18089,False,False,0,,<memory at 0x000001A6998A8880>,,,
18091,16463,0,RI_ConstraintTrigger_a_18091,1655,17,O,True,17154,17287,18089,False,False,0,,<memory at 0x000001A6998A8A00>,,,
18092,17154,0,RI_ConstraintTrigger_c_18092,1644,5,O,True,16463,17287,18089,False,False,0,,<memory at 0x000001A6998A8B80>,,,
18093,17154,0,RI_ConstraintTrigger_c_18093,1645,17,O,True,16463,17287,18089,False,False,0,,<memory at 0x000001A6998A8D00>,,,
18095,17108,0,RI_ConstraintTrigger_a_18095,1654,9,O,True,17154,17345,18094,False,False,0,,<memory at 0x000001A6998A8E80>,,,
18096,17108,0,RI_ConstraintTrigger_a_18096,1655,17,O,True,17154,17345,18094,False,False,0,,<memory at 0x000001A6998A9000>,,,
18097,17154,0,RI_ConstraintTrigger_c_18097,1644,5,O,True,17108,17345,18094,False,False,0,,<memory at 0x000001A6998A9180>,,,
18098,17154,0,RI_ConstraintTrigger_c_18098,1645,17,O,True,17108,17345,18094,False,False,0,,<memory at 0x000001A6998A9300>,,,
18100,17120,0,RI_ConstraintTrigger_a_18100,1654,9,O,True,17154,17359,18099,False,False,0,,<memory at 0x000001A6998A9480>,,,
18101,17120,0,RI_ConstraintTrigger_a_18101,1655,17,O,True,17154,17359,18099,False,False,0,,<memory at 0x000001A6998A9600>,,,
18102,17154,0,RI_ConstraintTrigger_c_18102,1644,5,O,True,17120,17359,18099,False,False,0,,<memory at 0x000001A6998A9780>,,,
18103,17154,0,RI_ConstraintTrigger_c_18103,1645,17,O,True,17120,17359,18099,False,False,0,,<memory at 0x000001A6998A9900>,,,
18105,17128,0,RI_ConstraintTrigger_a_18105,1654,9,O,True,17154,17367,18104,False,False,0,,<memory at 0x000001A6998A9A80>,,,
18106,17128,0,RI_ConstraintTrigger_a_18106,1655,17,O,True,17154,17367,18104,False,False,0,,<memory at 0x000001A6998A9C00>,,,
18107,17154,0,RI_ConstraintTrigger_c_18107,1644,5,O,True,17128,17367,18104,False,False,0,,<memory at 0x000001A6998A9D80>,,,
18108,17154,0,RI_ConstraintTrigger_c_18108,1645,17,O,True,17128,17367,18104,False,False,0,,<memory at 0x000001A6998A9F00>,,,
18110,17179,0,RI_ConstraintTrigger_a_18110,1654,9,O,True,17154,17632,18109,False,False,0,,<memory at 0x000001A6998AA080>,,,
18111,17179,0,RI_ConstraintTrigger_a_18111,1655,17,O,True,17154,17632,18109,False,False,0,,<memory at 0x000001A6998AA200>,,,
18112,17154,0,RI_ConstraintTrigger_c_18112,1644,5,O,True,17179,17632,18109,False,False,0,,<memory at 0x000001A6998AA380>,,,
18113,17154,0,RI_ConstraintTrigger_c_18113,1645,17,O,True,17179,17632,18109,False,False,0,,<memory at 0x000001A6998AA500>,,,
18115,17081,0,RI_ConstraintTrigger_a_18115,1654,9,O,True,17154,17694,18114,False,False,0,,<memory at 0x000001A6998AA680>,,,
18116,17081,0,RI_ConstraintTrigger_a_18116,1655,17,O,True,17154,17694,18114,False,False,0,,<memory at 0x000001A6998AA800>,,,
18117,17154,0,RI_ConstraintTrigger_c_18117,1644,5,O,True,17081,17694,18114,False,False,0,,<memory at 0x000001A6998AA980>,,,
18118,17154,0,RI_ConstraintTrigger_c_18118,1645,17,O,True,17081,17694,18114,False,False,0,,<memory at 0x000001A6998AAB00>,,,
18120,17223,0,RI_ConstraintTrigger_a_18120,1654,9,O,True,17154,17664,18119,False,False,0,,<memory at 0x000001A6998AAC80>,,,
18121,17223,0,RI_ConstraintTrigger_a_18121,1655,17,O,True,17154,17664,18119,False,False,0,,<memory at 0x000001A6998AAE00>,,,
18122,17154,0,RI_ConstraintTrigger_c_18122,1644,5,O,True,17223,17664,18119,False,False,0,,<memory at 0x000001A6998AAF80>,,,
18123,17154,0,RI_ConstraintTrigger_c_18123,1645,17,O,True,17223,17664,18119,False,False,0,,<memory at 0x000001A6998AB100>,,,
18125,17204,0,RI_ConstraintTrigger_a_18125,1654,9,O,True,17175,17648,18124,False,False,0,,<memory at 0x000001A6998AB280>,,,
18126,17204,0,RI_ConstraintTrigger_a_18126,1655,17,O,True,17175,17648,18124,False,False,0,,<memory at 0x000001A6998AB400>,,,
18127,17175,0,RI_ConstraintTrigger_c_18127,1644,5,O,True,17204,17648,18124,False,False,0,,<memory at 0x000001A6998AB580>,,,
18128,17175,0,RI_ConstraintTrigger_c_18128,1645,17,O,True,17204,17648,18124,False,False,0,,<memory at 0x000001A6998AB700>,,,
18130,17154,0,RI_ConstraintTrigger_a_18130,1646,9,O,True,17175,17618,18129,False,False,0,,<memory at 0x000001A6998AB880>,,,
18131,17154,0,RI_ConstraintTrigger_a_18131,1655,17,O,True,17175,17618,18129,False,False,0,,<memory at 0x000001A6998ABA00>,,,
18132,17175,0,RI_ConstraintTrigger_c_18132,1644,5,O,True,17154,17618,18129,False,False,0,,<memory at 0x000001A6998ABB80>,,,
18133,17175,0,RI_ConstraintTrigger_c_18133,1645,17,O,True,17154,17618,18129,False,False,0,,<memory at 0x000001A6998ABD00>,,,
18135,16539,0,RI_ConstraintTrigger_a_18135,1654,9,O,True,17179,17404,18134,False,False,0,,<memory at 0x000001A6998ABE80>,,,
18136,16539,0,RI_ConstraintTrigger_a_18136,1655,17,O,True,17179,17404,18134,False,False,0,,<memory at 0x000001A6998C0040>,,,
18137,17179,0,RI_ConstraintTrigger_c_18137,1644,5,O,True,16539,17404,18134,False,False,0,,<memory at 0x000001A6998C01C0>,,,
18138,17179,0,RI_ConstraintTrigger_c_18138,1645,17,O,True,16539,17404,18134,False,False,0,,<memory at 0x000001A6998C0340>,,,
18140,17223,0,RI_ConstraintTrigger_a_18140,1654,9,O,True,17179,17664,18139,False,False,0,,<memory at 0x000001A6998C04C0>,,,
18141,17223,0,RI_ConstraintTrigger_a_18141,1655,17,O,True,17179,17664,18139,False,False,0,,<memory at 0x000001A6998C0640>,,,
18142,17179,0,RI_ConstraintTrigger_c_18142,1644,5,O,True,17223,17664,18139,False,False,0,,<memory at 0x000001A6998C07C0>,,,
18143,17179,0,RI_ConstraintTrigger_c_18143,1645,17,O,True,17223,17664,18139,False,False,0,,<memory at 0x000001A6998C0940>,,,
18145,17179,0,RI_ConstraintTrigger_a_18145,1654,9,O,True,17195,17632,18144,False,False,0,,<memory at 0x000001A6998C0AC0>,,,
18146,17179,0,RI_ConstraintTrigger_a_18146,1655,17,O,True,17195,17632,18144,False,False,0,,<memory at 0x000001A6998C0C40>,,,
18147,17195,0,RI_ConstraintTrigger_c_18147,1644,5,O,True,17179,17632,18144,False,False,0,,<memory at 0x000001A6998C0DC0>,,,
18148,17195,0,RI_ConstraintTrigger_c_18148,1645,17,O,True,17179,17632,18144,False,False,0,,<memory at 0x000001A6998C0F40>,,,
18150,16453,0,RI_ConstraintTrigger_a_18150,1654,9,O,True,17212,17722,18149,False,False,0,,<memory at 0x000001A6998C10C0>,,,
18151,16453,0,RI_ConstraintTrigger_a_18151,1655,17,O,True,17212,17722,18149,False,False,0,,<memory at 0x000001A6998C1240>,,,
18152,17212,0,RI_ConstraintTrigger_c_18152,1644,5,O,True,16453,17722,18149,False,False,0,,<memory at 0x000001A6998C13C0>,,,
18153,17212,0,RI_ConstraintTrigger_c_18153,1645,17,O,True,16453,17722,18149,False,False,0,,<memory at 0x000001A6998C1540>,,,
18155,16524,0,RI_ConstraintTrigger_a_18155,1654,9,O,True,17223,17337,18154,False,False,0,,<memory at 0x000001A6998C16C0>,,,
18156,16524,0,RI_ConstraintTrigger_a_18156,1655,17,O,True,17223,17337,18154,False,False,0,,<memory at 0x000001A6998C1840>,,,
18157,17223,0,RI_ConstraintTrigger_c_18157,1644,5,O,True,16524,17337,18154,False,False,0,,<memory at 0x000001A6998C19C0>,,,
18158,17223,0,RI_ConstraintTrigger_c_18158,1645,17,O,True,16524,17337,18154,False,False,0,,<memory at 0x000001A6998C1B40>,,,
18160,17179,0,RI_ConstraintTrigger_a_18160,1654,9,O,True,17239,17632,18159,False,False,0,,<memory at 0x000001A6998C1CC0>,,,
18161,17179,0,RI_ConstraintTrigger_a_18161,1655,17,O,True,17239,17632,18159,False,False,0,,<memory at 0x000001A6998C1E40>,,,
18162,17239,0,RI_ConstraintTrigger_c_18162,1644,5,O,True,17179,17632,18159,False,False,0,,<memory at 0x000001A6998C1FC0>,,,
18163,17239,0,RI_ConstraintTrigger_c_18163,1645,17,O,True,17179,17632,18159,False,False,0,,<memory at 0x000001A6998C2140>,,,
18165,17223,0,RI_ConstraintTrigger_a_18165,1654,9,O,True,17239,17664,18164,False,False,0,,<memory at 0x000001A6998C22C0>,,,
18166,17223,0,RI_ConstraintTrigger_a_18166,1655,17,O,True,17239,17664,18164,False,False,0,,<memory at 0x000001A6998C2440>,,,
18167,17239,0,RI_ConstraintTrigger_c_18167,1644,5,O,True,17223,17664,18164,False,False,0,,<memory at 0x000001A6998C25C0>,,,
18168,17239,0,RI_ConstraintTrigger_c_18168,1645,17,O,True,17223,17664,18164,False,False,0,,<memory at 0x000001A6998C2740>,,,
18170,16651,0,RI_ConstraintTrigger_a_18170,1654,9,O,True,17246,17482,18169,False,False,0,,<memory at 0x000001A6998C28C0>,,,
18171,16651,0,RI_ConstraintTrigger_a_18171,1655,17,O,True,17246,17482,18169,False,False,0,,<memory at 0x000001A6998C2A40>,,,
18172,17246,0,RI_ConstraintTrigger_c_18172,1644,5,O,True,16651,17482,18169,False,False,0,,<memory at 0x000001A6998C2BC0>,,,
18173,17246,0,RI_ConstraintTrigger_c_18173,1645,17,O,True,16651,17482,18169,False,False,0,,<memory at 0x000001A6998C2D40>,,,
18175,16651,0,RI_ConstraintTrigger_a_18175,1654,9,O,True,17269,17482,18174,False,False,0,,<memory at 0x000001A6998C2EC0>,,,
18176,16651,0,RI_ConstraintTrigger_a_18176,1655,17,O,True,17269,17482,18174,False,False,0,,<memory at 0x000001A6998C3040>,,,
18177,17269,0,RI_ConstraintTrigger_c_18177,1644,5,O,True,16651,17482,18174,False,False,0,,<memory at 0x000001A6998C31C0>,,,
18178,17269,0,RI_ConstraintTrigger_c_18178,1645,17,O,True,16651,17482,18174,False,False,0,,<memory at 0x000001A6998C3340>,,,
18180,17255,0,RI_ConstraintTrigger_a_18180,1654,9,O,True,17269,17708,18179,False,False,0,,<memory at 0x000001A6998C34C0>,,,
18181,17255,0,RI_ConstraintTrigger_a_18181,1655,17,O,True,17269,17708,18179,False,False,0,,<memory at 0x000001A6998C3640>,,,
18182,17269,0,RI_ConstraintTrigger_c_18182,1644,5,O,True,17255,17708,18179,False,False,0,,<memory at 0x000001A6998C37C0>,,,
18183,17269,0,RI_ConstraintTrigger_c_18183,1645,17,O,True,17255,17708,18179,False,False,0,,<memory at 0x000001A6998C3940>,,,
18185,16524,0,RI_ConstraintTrigger_a_18185,1654,9,O,True,16453,17337,18184,False,False,0,,<memory at 0x000001A6998C3AC0>,,,
18186,16524,0,RI_ConstraintTrigger_a_18186,1655,17,O,True,16453,17337,18184,False,False,0,,<memory at 0x000001A6998C3C40>,,,
18187,16453,0,RI_ConstraintTrigger_c_18187,1644,5,O,True,16524,17337,18184,False,False,0,,<memory at 0x000001A6998C3DC0>,,,
18188,16453,0,RI_ConstraintTrigger_c_18188,1645,17,O,True,16524,17337,18184,False,False,0,,<memory at 0x000001A6998C3F40>,,,
18190,17223,0,RI_ConstraintTrigger_a_18190,1654,9,O,True,16453,17664,18189,False,False,0,,<memory at 0x000001A69984C100>,,,
18191,17223,0,RI_ConstraintTrigger_a_18191,1655,17,O,True,16453,17664,18189,False,False,0,,<memory at 0x000001A69984C280>,,,
18192,16453,0,RI_ConstraintTrigger_c_18192,1644,5,O,True,17223,17664,18189,False,False,0,,<memory at 0x000001A69984C400>,,,
18193,16453,0,RI_ConstraintTrigger_c_18193,1645,17,O,True,17223,17664,18189,False,False,0,,<memory at 0x000001A69984C580>,,,
18195,16435,0,RI_ConstraintTrigger_a_18195,1654,9,O,True,17274,17305,18194,False,False,0,,<memory at 0x000001A69984C700>,,,
18196,16435,0,RI_ConstraintTrigger_a_18196,1655,17,O,True,17274,17305,18194,False,False,0,,<memory at 0x000001A69984C880>,,,
18197,17274,0,RI_ConstraintTrigger_c_18197,1644,5,O,True,16435,17305,18194,False,False,0,,<memory at 0x000001A69984CA00>,,,
18198,17274,0,RI_ConstraintTrigger_c_18198,1645,17,O,True,16435,17305,18194,False,False,0,,<memory at 0x000001A69984CB80>,,,
18200,17179,0,RI_ConstraintTrigger_a_18200,1654,9,O,True,17274,17632,18199,False,False,0,,<memory at 0x000001A69984CD00>,,,
18201,17179,0,RI_ConstraintTrigger_a_18201,1655,17,O,True,17274,17632,18199,False,False,0,,<memory at 0x000001A69984CE80>,,,
18202,17274,0,RI_ConstraintTrigger_c_18202,1644,5,O,True,17179,17632,18199,False,False,0,,<memory at 0x000001A69984D000>,,,
18203,17274,0,RI_ConstraintTrigger_c_18203,1645,17,O,True,17179,17632,18199,False,False,0,,<memory at 0x000001A69984D180>,,,
18205,16651,0,RI_ConstraintTrigger_a_18205,1654,9,O,True,16767,17482,18204,False,False,0,,<memory at 0x000001A69984D300>,,,
18206,16651,0,RI_ConstraintTrigger_a_18206,1655,17,O,True,16767,17482,18204,False,False,0,,<memory at 0x000001A69984D480>,,,
18207,16767,0,RI_ConstraintTrigger_c_18207,1644,5,O,True,16651,17482,18204,False,False,0,,<memory at 0x000001A69984D600>,,,
18208,16767,0,RI_ConstraintTrigger_c_18208,1645,17,O,True,16651,17482,18204,False,False,0,,<memory at 0x000001A69984D780>,,,
18210,16435,0,RI_ConstraintTrigger_a_18210,1654,9,O,True,17093,17305,18209,False,False,0,,<memory at 0x000001A69984D900>,,,
18211,16435,0,RI_ConstraintTrigger_a_18211,1655,17,O,True,17093,17305,18209,False,False,0,,<memory at 0x000001A69984DA80>,,,
18212,17093,0,RI_ConstraintTrigger_c_18212,1644,5,O,True,16435,17305,18209,False,False,0,,<memory at 0x000001A69984DC00>,,,
18213,17093,0,RI_ConstraintTrigger_c_18213,1645,17,O,True,16435,17305,18209,False,False,0,,<memory at 0x000001A69984DD80>,,,
18215,16651,0,RI_ConstraintTrigger_a_18215,1654,9,O,True,16793,17482,18214,False,False,0,,<memory at 0x000001A69984DF00>,,,
18216,16651,0,RI_ConstraintTrigger_a_18216,1655,17,O,True,16793,17482,18214,False,False,0,,<memory at 0x000001A69984E080>,,,
18217,16793,0,RI_ConstraintTrigger_c_18217,1644,5,O,True,16651,17482,18214,False,False,0,,<memory at 0x000001A69984E200>,,,
18218,16793,0,RI_ConstraintTrigger_c_18218,1645,17,O,True,16651,17482,18214,False,False,0,,<memory at 0x000001A69984E380>,,,
18220,16759,0,RI_ConstraintTrigger_a_18220,1654,9,O,True,16793,17678,18219,False,False,0,,<memory at 0x000001A69984E500>,,,
18221,16759,0,RI_ConstraintTrigger_a_18221,1655,17,O,True,16793,17678,18219,False,False,0,,<memory at 0x000001A69984E680>,,,
18222,16793,0,RI_ConstraintTrigger_c_18222,1644,5,O,True,16759,17678,18219,False,False,0,,<memory at 0x000001A69984E800>,,,
18223,16793,0,RI_ConstraintTrigger_c_18223,1645,17,O,True,16759,17678,18219,False,False,0,,<memory at 0x000001A69984E980>,,,
18225,16693,0,RI_ConstraintTrigger_a_18225,1654,9,O,True,16801,17442,18224,False,False,0,,<memory at 0x000001A69984EB00>,,,
18226,16693,0,RI_ConstraintTrigger_a_18226,1655,17,O,True,16801,17442,18224,False,False,0,,<memory at 0x000001A69984EC80>,,,
18227,16801,0,RI_ConstraintTrigger_c_18227,1644,5,O,True,16693,17442,18224,False,False,0,,<memory at 0x000001A69984EE00>,,,
18228,16801,0,RI_ConstraintTrigger_c_18228,1645,17,O,True,16693,17442,18224,False,False,0,,<memory at 0x000001A69984EF80>,,,
18230,16793,0,RI_ConstraintTrigger_a_18230,1654,9,O,True,16801,17770,18229,False,False,0,,<memory at 0x000001A69984F100>,,,
18231,16793,0,RI_ConstraintTrigger_a_18231,1655,17,O,True,16801,17770,18229,False,False,0,,<memory at 0x000001A69984F280>,,,
18232,16801,0,RI_ConstraintTrigger_c_18232,1644,5,O,True,16793,17770,18229,False,False,0,,<memory at 0x000001A69984F400>,,,
18233,16801,0,RI_ConstraintTrigger_c_18233,1645,17,O,True,16793,17770,18229,False,False,0,,<memory at 0x000001A69984F580>,,,
