10115,pg_proc_oid_index,11,p,False,False,True,1255,0,2690,0,0, , , ,True,0,True,[1],,,,,,,
10116,pg_proc_proname_args_nsp_index,11,u,False,False,True,1255,0,2691,0,0, , , ,True,0,True,"[2, 20, 3]",,,,,,,
10117,pg_type_oid_index,11,p,False,False,True,1247,0,2703,0,0, , , ,True,0,True,[1],,,,,,,
10118,pg_type_typname_nsp_index,11,u,False,False,True,1247,0,2704,0,0, , , ,True,0,True,"[2, 3]",,,,,,,
10119,pg_attribute_relid_attnam_index,11,u,False,False,True,1249,0,2658,0,0, , , ,True,0,True,"[1, 2]",,,,,,,
10120,pg_attribute_relid_attnum_index,11,p,False,False,True,1249,0,2659,0,0, , , ,True,0,True,"[1, 5]",,,,,,,
10121,pg_class_oid_index,11,p,False,False,True,1259,0,2662,0,0, , , ,True,0,True,[1],,,,,,,
10122,pg_class_relname_nsp_index,11,u,False,False,True,1259,0,2663,0,0, , , ,True,0,True,"[2, 3]",,,,,,,
10123,pg_attrdef_adrelid_adnum_index,11,u,False,False,True,2604,0,2656,0,0, , , ,True,0,True,"[2, 3]",,,,,,,
10124,pg_attrdef_oid_index,11,p,False,False,True,2604,0,2657,0,0, , , ,True,0,True,[1],,,,,,,
10125,pg_constraint_conrelid_contypid_conname_index,11,u,False,False,True,2606,0,2665,0,0, , , ,True,0,True,"[8, 9, 2]",,,,,,,
10126,pg_constraint_oid_index,11,p,False,False,True,2606,0,2667,0,0, , , ,True,0,True,[1],,,,,,,
10127,pg_inherits_relid_seqno_index,11,p,False,False,True,2611,0,2680,0,0, , , ,True,0,True,"[1, 3]",,,,,,,
10128,pg_index_indexrelid_index,11,p,False,False,True,2610,0,2679,0,0, , , ,True,0,True,[1],,,,,,,
10129,pg_operator_oid_index,11,p,False,False,True,2617,0,2688,0,0, , , ,True,0,True,[1],,,,,,,
10130,pg_operator_oprname_l_r_n_index,11,u,False,False,True,2617,0,2689,0,0, , , ,True,0,True,"[2, 8, 9, 3]",,,,,,,
10131,pg_opfamily_am_name_nsp_index,11,u,False,False,True,2753,0,2754,0,0, , , ,True,0,True,"[2, 3, 4]",,,,,,,
10132,pg_opfamily_oid_index,11,p,False,False,True,2753,0,2755,0,0, , , ,True,0,True,[1],,,,,,,
10133,pg_opclass_am_name_nsp_index,11,u,False,False,True,2616,0,2686,0,0, , , ,True,0,True,"[2, 3, 4]",,,,,,,
10134,pg_opclass_oid_index,11,p,False,False,True,2616,0,2687,0,0, , , ,True,0,True,[1],,,,,,,
10135,pg_am_name_index,11,u,False,False,True,2601,0,2651,0,0, , , ,True,0,True,[2],,,,,,,
10136,pg_am_oid_index,11,p,False,False,True,2601,0,2652,0,0, , , ,True,0,True,[1],,,,,,,
10137,pg_amop_fam_strat_index,11,u,False,False,True,2602,0,2653,0,0, , , ,True,0,True,"[2, 3, 4, 5]",,,,,,,
10138,pg_amop_opr_fam_index,11,u,False,False,True,2602,0,2654,0,0, , , ,True,0,True,"[7, 6, 2]",,,,,,,
10139,pg_amop_oid_index,11,p,False,False,True,2602,0,2756,0,0, , , ,True,0,True,[1],,,,,,,
10140,pg_amproc_fam_proc_index,11,u,False,False,True,2603,0,2655,0,0, , , ,True,0,True,"[2, 3, 4, 5]",,,,,,,
10141,pg_amproc_oid_index,11,p,False,False,True,2603,0,2757,0,0, , , ,True,0,True,[1],,,,,,,
10142,pg_language_name_index,11,u,False,False,True,2612,0,2681,0,0, , , ,True,0,True,[2],,,,,,,
10143,pg_language_oid_index,11,p,False,False,True,2612,0,2682,0,0, , , ,True,0,True,[1],,,,,,,
10144,pg_largeobject_metadata_oid_index,11,p,False,False,True,2995,0,2996,0,0, , , ,True,0,True,[1],,,,,,,
10145,pg_largeobject_loid_pn_index,11,p,False,False,True,2613,0,2683,0,0, , , ,True,0,True,"[1, 2]",,,,,,,
10146,pg_aggregate_fnoid_index,11,p,False,False,True,2600,0,2650,0,0, , , ,True,0,True,[1],,,,,,,
10147,pg_statistic_relid_att_inh_index,11,p,False,False,True,2619,0,2696,0,0, , , ,True,0,True,"[1, 2, 3]",,,,,,,
10148,pg_statistic_ext_oid_index,11,p,False,False,True,3381,0,3380,0,0, , , ,True,0,True,[1],,,,,,,
10149,pg_statistic_ext_name_index,11,u,False,False,True,3381,0,3997,0,0, , , ,True,0,True,"[3, 4]",,,,,,,
10150,pg_statistic_ext_data_stxoid_inh_index,11,p,False,False,True,3429,0,3433,0,0, , , ,True,0,True,"[1, 2]",,,,,,,
10151,pg_rewrite_oid_index,11,p,False,False,True,2618,0,2692,0,0, , , ,True,0,True,[1],,,,,,,
10152,pg_rewrite_rel_rulename_index,11,u,False,False,True,2618,0,2693,0,0, , , ,True,0,True,"[3, 2]",,,,,,,
10153,pg_trigger_tgrelid_tgname_index,11,u,False,False,True,2620,0,2701,0,0, , , ,True,0,True,"[2, 4]",,,,,,,
10154,pg_trigger_oid_index,11,p,False,False,True,2620,0,2702,0,0, , , ,True,0,True,[1],,,,,,,
10155,pg_event_trigger_evtname_index,11,u,False,False,True,3466,0,3467,0,0, , , ,True,0,True,[2],,,,,,,
10156,pg_event_trigger_oid_index,11,p,False,False,True,3466,0,3468,0,0, , , ,True,0,True,[1],,,,,,,
10157,pg_description_o_c_o_index,11,p,False,False,True,2609,0,2675,0,0, , , ,True,0,True,"[1, 2, 3]",,,,,,,
10158,pg_cast_oid_index,11,p,False,False,True,2605,0,2660,0,0, , , ,True,0,True,[1],,,,,,,
10159,pg_cast_source_target_index,11,u,False,False,True,2605,0,2661,0,0, , , ,True,0,True,"[2, 3]",,,,,,,
10160,pg_enum_oid_index,11,p,False,False,True,3501,0,3502,0,0, , , ,True,0,True,[1],,,,,,,
10161,pg_enum_typid_label_index,11,u,False,False,True,3501,0,3503,0,0, , , ,True,0,True,"[2, 4]",,,,,,,
10162,pg_enum_typid_sortorder_index,11,u,False,False,True,3501,0,3534,0,0, , , ,True,0,True,"[2, 3]",,,,,,,
10163,pg_namespace_nspname_index,11,u,False,False,True,2615,0,2684,0,0, , , ,True,0,True,[2],,,,,,,
10164,pg_namespace_oid_index,11,p,False,False,True,2615,0,2685,0,0, , , ,True,0,True,[1],,,,,,,
10165,pg_conversion_default_index,11,u,False,False,True,2607,0,2668,0,0, , , ,True,0,True,"[3, 5, 6, 1]",,,,,,,
10166,pg_conversion_name_nsp_index,11,u,False,False,True,2607,0,2669,0,0, , , ,True,0,True,"[2, 3]",,,,,,,
10167,pg_conversion_oid_index,11,p,False,False,True,2607,0,2670,0,0, , , ,True,0,True,[1],,,,,,,
10168,pg_database_datname_index,11,u,False,False,True,1262,0,2671,0,0, , , ,True,0,True,[2],,,,,,,
10169,pg_database_oid_index,11,p,False,False,True,1262,0,2672,0,0, , , ,True,0,True,[1],,,,,,,
10170,pg_db_role_setting_databaseid_rol_index,11,p,False,False,True,2964,0,2965,0,0, , , ,True,0,True,"[1, 2]",,,,,,,
10171,pg_tablespace_oid_index,11,p,False,False,True,1213,0,2697,0,0, , , ,True,0,True,[1],,,,,,,
10172,pg_tablespace_spcname_index,11,u,False,False,True,1213,0,2698,0,0, , , ,True,0,True,[2],,,,,,,
10173,pg_authid_rolname_index,11,u,False,False,True,1260,0,2676,0,0, , , ,True,0,True,[2],,,,,,,
10174,pg_authid_oid_index,11,p,False,False,True,1260,0,2677,0,0, , , ,True,0,True,[1],,,,,,,
10175,pg_auth_members_oid_index,11,p,False,False,True,1261,0,6303,0,0, , , ,True,0,True,[1],,,,,,,
10176,pg_auth_members_role_member_index,11,u,False,False,True,1261,0,2694,0,0, , , ,True,0,True,"[2, 3, 4]",,,,,,,
10177,pg_auth_members_member_role_index,11,u,False,False,True,1261,0,2695,0,0, , , ,True,0,True,"[3, 2, 4]",,,,,,,
10178,pg_shdescription_o_c_index,11,p,False,False,True,2396,0,2397,0,0, , , ,True,0,True,"[1, 2]",,,,,,,
10179,pg_ts_config_cfgname_index,11,u,False,False,True,3602,0,3608,0,0, , , ,True,0,True,"[2, 3]",,,,,,,
10180,pg_ts_config_oid_index,11,p,False,False,True,3602,0,3712,0,0, , , ,True,0,True,[1],,,,,,,
10181,pg_ts_config_map_index,11,p,False,False,True,3603,0,3609,0,0, , , ,True,0,True,"[1, 2, 3]",,,,,,,
10182,pg_ts_dict_dictname_index,11,u,False,False,True,3600,0,3604,0,0, , , ,True,0,True,"[2, 3]",,,,,,,
10183,pg_ts_dict_oid_index,11,p,False,False,True,3600,0,3605,0,0, , , ,True,0,True,[1],,,,,,,
10184,pg_ts_parser_prsname_index,11,u,False,False,True,3601,0,3606,0,0, , , ,True,0,True,"[2, 3]",,,,,,,
10185,pg_ts_parser_oid_index,11,p,False,False,True,3601,0,3607,0,0, , , ,True,0,True,[1],,,,,,,
10186,pg_ts_template_tmplname_index,11,u,False,False,True,3764,0,3766,0,0, , , ,True,0,True,"[2, 3]",,,,,,,
10187,pg_ts_template_oid_index,11,p,False,False,True,3764,0,3767,0,0, , , ,True,0,True,[1],,,,,,,
10188,pg_extension_oid_index,11,p,False,False,True,3079,0,3080,0,0, , , ,True,0,True,[1],,,,,,,
10189,pg_extension_name_index,11,u,False,False,True,3079,0,3081,0,0, , , ,True,0,True,[2],,,,,,,
10190,pg_foreign_data_wrapper_oid_index,11,p,False,False,True,2328,0,112,0,0, , , ,True,0,True,[1],,,,,,,
10191,pg_foreign_data_wrapper_name_index,11,u,False,False,True,2328,0,548,0,0, , , ,True,0,True,[2],,,,,,,
10192,pg_foreign_server_oid_index,11,p,False,False,True,1417,0,113,0,0, , , ,True,0,True,[1],,,,,,,
10193,pg_foreign_server_name_index,11,u,False,False,True,1417,0,549,0,0, , , ,True,0,True,[2],,,,,,,
10194,pg_user_mapping_oid_index,11,p,False,False,True,1418,0,174,0,0, , , ,True,0,True,[1],,,,,,,
10195,pg_user_mapping_user_server_index,11,u,False,False,True,1418,0,175,0,0, , , ,True,0,True,"[2, 3]",,,,,,,
10196,pg_foreign_table_relid_index,11,p,False,False,True,3118,0,3119,0,0, , , ,True,0,True,[1],,,,,,,
10197,pg_policy_oid_index,11,p,False,False,True,3256,0,3257,0,0, , , ,True,0,True,[1],,,,,,,
10198,pg_policy_polrelid_polname_index,11,u,False,False,True,3256,0,3258,0,0, , , ,True,0,True,"[3, 2]",,,,,,,
10199,pg_replication_origin_roiident_index,11,p,False,False,True,6000,0,6001,0,0, , , ,True,0,True,[1],,,,,,,
10200,pg_replication_origin_roname_index,11,u,False,False,True,6000,0,6002,0,0, , , ,True,0,True,[2],,,,,,,
10201,pg_default_acl_role_nsp_obj_index,11,u,False,False,True,826,0,827,0,0, , , ,True,0,True,"[2, 3, 4]",,,,,,,
10202,pg_default_acl_oid_index,11,p,False,False,True,826,0,828,0,0, , , ,True,0,True,[1],,,,,,,
10203,pg_init_privs_o_c_o_index,11,p,False,False,True,3394,0,3395,0,0, , , ,True,0,True,"[1, 2, 3]",,,,,,,
10204,pg_seclabel_object_index,11,p,False,False,True,3596,0,3597,0,0, , , ,True,0,True,"[1, 2, 3, 4]",,,,,,,
10205,pg_shseclabel_object_index,11,p,False,False,True,3592,0,3593,0,0, , , ,True,0,True,"[1, 2, 3]",,,,,,,
10206,pg_collation_name_enc_nsp_index,11,u,False,False,True,3456,0,3164,0,0, , , ,True,0,True,"[2, 7, 3]",,,,,,,
10207,pg_collation_oid_index,11,p,False,False,True,3456,0,3085,0,0, , , ,True,0,True,[1],,,,,,,
10208,pg_parameter_acl_parname_index,11,u,False,False,True,6243,0,6246,0,0, , , ,True,0,True,[2],,,,,,,
10209,pg_parameter_acl_oid_index,11,p,False,False,True,6243,0,6247,0,0, , , ,True,0,True,[1],,,,,,,
10210,pg_partitioned_table_partrelid_index,11,p,False,False,True,3350,0,3351,0,0, , , ,True,0,True,[1],,,,,,,
10211,pg_range_rngtypid_index,11,p,False,False,True,3541,0,3542,0,0, , , ,True,0,True,[1],,,,,,,
10212,pg_range_rngmultitypid_index,11,u,False,False,True,3541,0,2228,0,0, , , ,True,0,True,[3],,,,,,,
10213,pg_transform_oid_index,11,p,False,False,True,3576,0,3574,0,0, , , ,True,0,True,[1],,,,,,,
10214,pg_transform_type_lang_index,11,u,False,False,True,3576,0,3575,0,0, , , ,True,0,True,"[2, 3]",,,,,,,
10215,pg_sequence_seqrelid_index,11,p,False,False,True,2224,0,5002,0,0, , , ,True,0,True,[1],,,,,,,
10216,pg_publication_oid_index,11,p,False,False,True,6104,0,6110,0,0, , , ,True,0,True,[1],,,,,,,
10217,pg_publication_pubname_index,11,u,False,False,True,6104,0,6111,0,0, , , ,True,0,True,[2],,,,,,,
10218,pg_publication_namespace_oid_index,11,p,False,False,True,6237,0,6238,0,0, , , ,True,0,True,[1],,,,,,,
10219,pg_publication_namespace_pnnspid_pnpubid_index,11,u,False,False,True,6237,0,6239,0,0, , , ,True,0,True,"[3, 2]",,,,,,,
10220,pg_publication_rel_oid_index,11,p,False,False,True,6106,0,6112,0,0, , , ,True,0,True,[1],,,,,,,
10221,pg_publication_rel_prrelid_prpubid_index,11,u,False,False,True,6106,0,6113,0,0, , , ,True,0,True,"[3, 2]",,,,,,,
10222,pg_subscription_oid_index,11,p,False,False,True,6100,0,6114,0,0, , , ,True,0,True,[1],,,,,,,
10223,pg_subscription_subname_index,11,u,False,False,True,6100,0,6115,0,0, , , ,True,0,True,"[2, 4]",,,,,,,
10224,pg_subscription_rel_srrelid_srsubid_index,11,p,False,False,True,6102,0,6117,0,0, , , ,True,0,True,"[2, 1]",,,,,,,
14712,cardinal_number_domain_check,14697,c,False,False,True,0,14711,0,0,0, , , ,True,0,False,,,,,,,,{OPEXPR :opno 525 :opfuncid 150 :opresulttype 16 :opretset false :opcollid 0 :inputcollid 0 :args ({COERCETODOMAINVALUE :typeId 23 :typeMod -1 :collation 0 :location 195} {CONST :consttype 23 :consttypmod -1 :constcollid 0 :constlen 4 :constbyval true :constisnull false :location 204 :constvalue 4 [ 0 0 0 0 0 0 0 0 ]}) :location 201}
14725,yes_or_no_check,14697,c,False,False,True,0,14724,0,0,0, , , ,True,0,False,,,,,,,,{SCALARARRAYOPEXPR :opno 98 :opfuncid 67 :hashfuncid 0 :negfuncid 0 :useOr true :inputcollid 100 :args ({RELABELTYPE :arg {COERCETODOMAINVALUE :typeId 1043 :typeMod 7 :collation 100 :location 133} :resulttype 25 :resulttypmod -1 :resultcollid 100 :relabelformat 2 :location -1} {ARRAYCOERCEEXPR :arg {ARRAYEXPR :array_typeid 1015 :array_collid 100 :element_typeid 1043 :elements ({CONST :consttype 1043 :consttypmod -1 :constcollid 100 :constlen -1 :constbyval false :constisnull false :location 143 :constvalue 7 [ 28 0 0 0 89 69 83 ]} {CONST :consttype 1043 :consttypmod -1 :constcollid 100 :constlen -1 :constbyval false :constisnull false :location 150 :constvalue 6 [ 24 0 0 0 78 79 ]}) :multidims false :location -1} :elemexpr {RELABELTYPE :arg {CASETESTEXPR :typeId 1043 :typeMod -1 :collation 0} :resulttype 25 :resulttypmod -1 :resultcollid 100 :relabelformat 2 :location -1} :resulttype 1009 :resulttypmod -1 :resultcollid 100 :coerceformat 2 :location -1}) :location 139}
16448,CK_Person_EmailPromotion,16433,c,False,False,True,16441,0,0,0,0, , , ,True,0,False,[9],,,,,,,{BOOLEXPR :boolop and :args ({OPEXPR :opno 525 :opfuncid 150 :opresulttype 16 :opretset false :opcollid 0 :inputcollid 0 :args ({VAR :varno 1 :varattno 9 :vartype 23 :vartypmod -1 :varcollid 0 :varnullingrels (b) :varlevelsup 0 :varnosyn 1 :varattnosyn 9 :location 1113} {CONST :consttype 23 :consttypmod -1 :constcollid 0 :constlen 4 :constbyval true :constisnull false :location 1136 :constvalue 4 [ 0 0 0 0 0 0 0 0 ]}) :location 1128} {OPEXPR :opno 523 :opfuncid 149 :opresulttype 16 :opretset false :opcollid 0 :inputcollid 0 :args ({VAR :varno 1 :varattno 9 :vartype 23 :vartypmod -1 :varcollid 0 :varnullingrels (b) :varlevelsup 0 :varnosyn 1 :varattnosyn 9 :location 1113} {CONST :consttype 23 :consttypmod -1 :constcollid 0 :constlen 4 :constbyval true :constisnull false :location 1142 :constvalue 4 [ 2 0 0 0 0 0 0 0 ]}) :location 1128}) :location 1128}
16449,CK_Person_PersonType,16433,c,False,False,True,16441,0,0,0,0, , , ,True,0,False,[2],,,,,,,{BOOLEXPR :boolop or :args ({NULLTEST :arg {VAR :varno 1 :varattno 2 :vartype 1042 :vartypmod 6 :varcollid 100 :varnullingrels (b) :varlevelsup 0 :varnosyn 1 :varattnosyn 2 :location 1191} :nulltesttype 0 :argisrow false :location 1202} {SCALARARRAYOPEXPR :opno 98 :opfuncid 67 :hashfuncid 0 :negfuncid 0 :useOr true :inputcollid 100 :args ({FUNCEXPR :funcid 871 :funcresulttype 25 :funcretset false :funcvariadic false :funcformat 0 :funccollid 100 :inputcollid 100 :args ({FUNCEXPR :funcid 401 :funcresulttype 25 :funcretset false :funcvariadic false :funcformat 2 :funccollid 100 :inputcollid 100 :args ({VAR :varno 1 :varattno 2 :vartype 1042 :vartypmod 6 :varcollid 100 :varnullingrels (b) :varlevelsup 0 :varnosyn 1 :varattnosyn 2 :location 1219}) :location -1}) :location 1213} {ARRAYEXPR :array_typeid 1009 :array_collid 100 :element_typeid 25 :elements ({CONST :consttype 25 :consttypmod -1 :constcollid 100 :constlen -1 :constbyval false :constisnull false :location 1235 :constvalue 6 [ 24 0 0 0 83 67 ]} {CONST :consttype 25 :consttypmod -1 :constcollid 100 :constlen -1 :constbyval false :constisnull false :location 1241 :constvalue 6 [ 24 0 0 0 86 67 ]} {CONST :consttype 25 :consttypmod -1 :constcollid 100 :constlen -1 :constbyval false :constisnull false :location 1247 :constvalue 6 [ 24 0 0 0 73 78 ]} {CONST :consttype 25 :consttypmod -1 :constcollid 100 :constlen -1 :constbyval false :constisnull false :location 1253 :constvalue 6 [ 24 0 0 0 69 77 ]} {CONST :consttype 25 :consttypmod -1 :constcollid 100 :constlen -1 :constbyval false :constisnull false :location 1259 :constvalue 6 [ 24 0 0 0 83 80 ]} {CONST :consttype 25 :consttypmod -1 :constcollid 100 :constlen -1 :constbyval false :constisnull false :location 1265 :constvalue 6 [ 24 0 0 0 71 67 ]}) :multidims false :location -1}) :location 1231}) :location 1210}
16548,CK_Employee_BirthDate,16530,c,False,False,True,16539,0,0,0,0, , , ,True,0,False,[7],,,,,,,{BOOLEXPR :boolop and :args ({OPEXPR :opno 1098 :opfuncid 1090 :opresulttype 16 :opretset false :opcollid 0 :inputcollid 0 :args ({VAR :varno 1 :varattno 7 :vartype 1082 :vartypmod -1 :varcollid 0 :varnullingrels (b) :varlevelsup 0 :varnosyn 1 :varattnosyn 7 :location 1277} {CONST :consttype 1082 :consttypmod -1 :constcollid 0 :constlen 4 :constbyval true :constisnull false :location 1295 :constvalue 4 [ 33 -100 -1 -1 -1 -1 -1 -1 ]}) :location 1287} {OPEXPR :opno 2359 :opfuncid 2352 :opresulttype 16 :opretset false :opcollid 0 :inputcollid 0 :args ({VAR :varno 1 :varattno 7 :vartype 1082 :vartypmod -1 :varcollid 0 :varnullingrels (b) :varlevelsup 0 :varnosyn 1 :varattnosyn 7 :location 1277} {OPEXPR :opno 1329 :opfuncid 1190 :opresulttype 1184 :opretset false :opcollid 0 :inputcollid 0 :args ({FUNCEXPR :funcid 1299 :funcresulttype 1184 :funcretset false :funcvariadic false :funcformat 0 :funccollid 0 :inputcollid 0 :args <> :location 1312} {CONST :consttype 1186 :consttypmod -1 :constcollid 0 :constlen 16 :constbyval false :constisnull false :location 1329 :constvalue 16 [ 0 0 0 0 0 0 0 0 0 0 0 0 -40 0 0 0 ]}) :location 1318}) :location 1287}) :location 1287}
17304,PK_BillOfMaterials_BillOfMaterialsID,16592,p,False,False,True,16594,0,17303,0,0, , , ,True,0,True,[1],,,,,,,
16549,CK_Employee_MaritalStatus,16530,c,False,False,True,16539,0,0,0,0, , , ,True,0,False,[8],,,,,,,{SCALARARRAYOPEXPR :opno 98 :opfuncid 67 :hashfuncid 0 :negfuncid 0 :useOr true :inputcollid 100 :args ({FUNCEXPR :funcid 871 :funcresulttype 25 :funcretset false :funcvariadic false :funcformat 0 :funccollid 100 :inputcollid 100 :args ({FUNCEXPR :funcid 401 :funcresulttype 25 :funcretset false :funcvariadic false :funcformat 2 :funccollid 100 :inputcollid 100 :args ({VAR :varno 1 :varattno 8 :vartype 1042 :vartypmod 5 :varcollid 100 :varnullingrels (b) :varlevelsup 0 :varnosyn 1 :varattnosyn 8 :location 1398}) :location -1}) :location 1392} {ARRAYEXPR :array_typeid 1009 :array_collid 100 :element_typeid 25 :elements ({CONST :consttype 25 :consttypmod -1 :constcollid 100 :constlen -1 :constbyval false :constisnull false :location 1417 :constvalue 5 [ 20 0 0 0 77 ]} {CONST :consttype 25 :consttypmod -1 :constcollid 100 :constlen -1 :constbyval false :constisnull false :location 1422 :constvalue 5 [ 20 0 0 0 83 ]}) :multidims false :location -1}) :location 1413}
16550,CK_Employee_HireDate,16530,c,False,False,True,16539,0,0,0,0, , , ,True,0,False,[10],,,,,,,{BOOLEXPR :boolop and :args ({OPEXPR :opno 1098 :opfuncid 1090 :opresulttype 16 :opretset false :opcollid 0 :inputcollid 0 :args ({VAR :varno 1 :varattno 10 :vartype 1082 :vartypmod -1 :varcollid 0 :varnullingrels (b) :varlevelsup 0 :varnosyn 1 :varattnosyn 10 :location 1495} {CONST :consttype 1082 :consttypmod -1 :constcollid 0 :constlen 4 :constbyval true :constisnull false :location 1512 :constvalue 4 [ 1 -5 -1 -1 -1 -1 -1 -1 ]}) :location 1504} {OPEXPR :opno 2359 :opfuncid 2352 :opresulttype 16 :opretset false :opcollid 0 :inputcollid 0 :args ({VAR :varno 1 :varattno 10 :vartype 1082 :vartypmod -1 :varcollid 0 :varnullingrels (b) :varlevelsup 0 :varnosyn 1 :varattnosyn 10 :location 1495} {OPEXPR :opno 1327 :opfuncid 1189 :opresulttype 1184 :opretset false :opcollid 0 :inputcollid 0 :args ({FUNCEXPR :funcid 1299 :funcresulttype 1184 :funcretset false :funcvariadic false :funcformat 0 :funccollid 0 :inputcollid 0 :args <> :location 1529} {CONST :consttype 1186 :consttypmod -1 :constcollid 0 :constlen 16 :constbyval false :constisnull false :location 1546 :constvalue 16 [ 0 0 0 0 0 0 0 0 1 0 0 0 0 0 0 0 ]}) :location 1535}) :location 1504}) :location 1504}
16551,CK_Employee_Gender,16530,c,False,False,True,16539,0,0,0,0, , , ,True,0,False,[9],,,,,,,{SCALARARRAYOPEXPR :opno 98 :opfuncid 67 :hashfuncid 0 :negfuncid 0 :useOr true :inputcollid 100 :args ({FUNCEXPR :funcid 871 :funcresulttype 25 :funcretset false :funcvariadic false :funcformat 0 :funccollid 100 :inputcollid 100 :args ({FUNCEXPR :funcid 401 :funcresulttype 25 :funcretset false :funcvariadic false :funcformat 2 :funccollid 100 :inputcollid 100 :args ({VAR :varno 1 :varattno 9 :vartype 1042 :vartypmod 5 :varcollid 100 :varnullingrels (b) :varlevelsup 0 :varnosyn 1 :varattnosyn 9 :location 1605}) :location -1}) :location 1599} {ARRAYEXPR :array_typeid 1009 :array_collid 100 :element_typeid 25 :elements ({CONST :consttype 25 :consttypmod -1 :constcollid 100 :constlen -1 :constbyval false :constisnull false :location 1617 :constvalue 5 [ 20 0 0 0 77 ]} {CONST :consttype 25 :consttypmod -1 :constcollid 100 :constlen -1 :constbyval false :constisnull false :location 1622 :constvalue 5 [ 20 0 0 0 70 ]}) :multidims false :location -1}) :location 1613}
16552,CK_Employee_VacationHours,16530,c,False,False,True,16539,0,0,0,0, , , ,True,0,False,[12],,,,,,,{BOOLEXPR :boolop and :args ({OPEXPR :opno 542 :opfuncid 168 :opresulttype 16 :opretset false :opcollid 0 :inputcollid 0 :args ({VAR :varno 1 :varattno 12 :vartype 21 :vartypmod -1 :varcollid 0 :varnullingrels (b) :varlevelsup 0 :varnosyn 1 :varattnosyn 12 :location 1697} {CONST :consttype 23 :consttypmod -1 :constcollid 0 :constlen 4 :constbyval true :constisnull false :location 1719 :constvalue 4 [ -40 -1 -1 -1 -1 -1 -1 -1 ]}) :location 1711} {OPEXPR :opno 540 :opfuncid 166 :opresulttype 16 :opretset false :opcollid 0 :inputcollid 0 :args ({VAR :varno 1 :varattno 12 :vartype 21 :vartypmod -1 :varcollid 0 :varnullingrels (b) :varlevelsup 0 :varnosyn 1 :varattnosyn 12 :location 1697} {CONST :consttype 23 :consttypmod -1 :constcollid 0 :constlen 4 :constbyval true :constisnull false :location 1727 :constvalue 4 [ -16 0 0 0 0 0 0 0 ]}) :location 1711}) :location 1711}
16553,CK_Employee_SickLeaveHours,16530,c,False,False,True,16539,0,0,0,0, , , ,True,0,False,[13],,,,,,,{BOOLEXPR :boolop and :args ({OPEXPR :opno 542 :opfuncid 168 :opresulttype 16 :opretset false :opcollid 0 :inputcollid 0 :args ({VAR :varno 1 :varattno 13 :vartype 21 :vartypmod -1 :varcollid 0 :varnullingrels (b) :varlevelsup 0 :varnosyn 1 :varattnosyn 13 :location 1784} {CONST :consttype 23 :consttypmod -1 :constcollid 0 :constlen 4 :constbyval true :constisnull false :location 1807 :constvalue 4 [ 0 0 0 0 0 0 0 0 ]}) :location 1799} {OPEXPR :opno 540 :opfuncid 166 :opresulttype 16 :opretset false :opcollid 0 :inputcollid 0 :args ({VAR :varno 1 :varattno 13 :vartype 21 :vartypmod -1 :varcollid 0 :varnullingrels (b) :varlevelsup 0 :varnosyn 1 :varattnosyn 13 :location 1784} {CONST :consttype 23 :consttypmod -1 :constcollid 0 :constlen 4 :constbyval true :constisnull false :location 1813 :constvalue 4 [ 120 0 0 0 0 0 0 0 ]}) :location 1799}) :location 1799}
16560,CK_EmployeeDepartmentHistory_EndDate,16530,c,False,False,True,16556,0,0,0,0, , , ,True,0,False,"[5, 4]",,,,,,,{BOOLEXPR :boolop or :args ({OPEXPR :opno 1098 :opfuncid 1090 :opresulttype 16 :opretset false :opcollid 0 :inputcollid 0 :args ({VAR :varno 1 :varattno 5 :vartype 1082 :vartypmod -1 :varcollid 0 :varnullingrels (b) :varlevelsup 0 :varnosyn 1 :varattnosyn 5 :location 2199} {VAR :varno 1 :varattno 4 :vartype 1082 :vartypmod -1 :varcollid 0 :varnullingrels (b) :varlevelsup 0 :varnosyn 1 :varattnosyn 4 :location 2210}) :location 2207} {NULLTEST :arg {VAR :varno 1 :varattno 5 :vartype 1082 :vartypmod -1 :varcollid 0 :varnullingrels (b) :varlevelsup 0 :varnosyn 1 :varattnosyn 5 :location 2225} :nulltesttype 0 :argisrow false :location 2233}) :location 2221}
16565,CK_EmployeePayHistory_PayFrequency,16530,c,False,False,True,16561,0,0,0,0, , , ,True,0,False,[4],,,,,,,{SCALARARRAYOPEXPR :opno 532 :opfuncid 158 :hashfuncid 0 :negfuncid 0 :useOr true :inputcollid 0 :args ({VAR :varno 1 :varattno 4 :vartype 21 :vartypmod -1 :varcollid 0 :varnullingrels (b) :varlevelsup 0 :varnosyn 1 :varattnosyn 4 :location 2600} {ARRAYEXPR :array_typeid 1007 :array_collid 0 :element_typeid 23 :elements ({CONST :consttype 23 :consttypmod -1 :constcollid 0 :constlen 4 :constbyval true :constisnull false :location 2617 :constvalue 4 [ 1 0 0 0 0 0 0 0 ]} {CONST :consttype 23 :consttypmod -1 :constcollid 0 :constlen 4 :constbyval true :constisnull false :location 2620 :constvalue 4 [ 2 0 0 0 0 0 0 0 ]}) :multidims false :location -1}) :location 2613}
16662,CK_Product_ListPrice,16592,c,False,False,True,16651,0,0,0,0, , , ,True,0,False,[10],,,,,,,{OPEXPR :opno 1757 :opfuncid 1721 :opresulttype 16 :opretset false :opcollid 0 :inputcollid 0 :args ({VAR :varno 1 :varattno 10 :vartype 1700 :vartypmod -1 :varcollid 0 :varnullingrels (b) :varlevelsup 0 :varnosyn 1 :varattnosyn 10 :location 4574} {CONST :consttype 1700 :consttypmod -1 :constcollid 0 :constlen -1 :constbyval false :constisnull false :location 4587 :constvalue 6 [ 24 0 0 0 0 -127 ]}) :location 4584}
17306,PK_BusinessEntity_BusinessEntityID,16433,p,False,False,True,16435,0,17305,0,0, , , ,True,0,True,[1],,,,,,,
16566,CK_EmployeePayHistory_Rate,16530,c,False,False,True,16561,0,0,0,0, , , ,True,0,False,[3],,,,,,,{BOOLEXPR :boolop and :args ({OPEXPR :opno 1757 :opfuncid 1721 :opresulttype 16 :opretset false :opcollid 0 :inputcollid 0 :args ({VAR :varno 1 :varattno 3 :vartype 1700 :vartypmod -1 :varcollid 0 :varnullingrels (b) :varlevelsup 0 :varnosyn 1 :varattnosyn 3 :location 2719} {CONST :consttype 1700 :consttypmod -1 :constcollid 0 :constlen -1 :constbyval false :constisnull false :location 2732 :constvalue 10 [ 40 0 0 0 0 -127 6 0 -120 19 ]}) :location 2724} {OPEXPR :opno 1755 :opfuncid 1723 :opresulttype 16 :opretset false :opcollid 0 :inputcollid 0 :args ({VAR :varno 1 :varattno 3 :vartype 1700 :vartypmod -1 :varcollid 0 :varnullingrels (b) :varlevelsup 0 :varnosyn 1 :varattnosyn 3 :location 2719} {CONST :consttype 1700 :consttypmod -1 :constcollid 0 :constlen -1 :constbyval false :constisnull false :location 2741 :constvalue 8 [ 32 0 0 0 0 -127 -56 0 ]}) :location 2724}) :location 2724}
16601,CK_BillOfMaterials_EndDate,16592,c,False,False,True,16594,0,0,0,0, , , ,True,0,False,"[5, 4]",,,,,,,{BOOLEXPR :boolop or :args ({OPEXPR :opno 2064 :opfuncid 2057 :opresulttype 16 :opretset false :opcollid 0 :inputcollid 0 :args ({VAR :varno 1 :varattno 5 :vartype 1114 :vartypmod -1 :varcollid 0 :varnullingrels (b) :varlevelsup 0 :varnosyn 1 :varattnosyn 5 :location 610} {VAR :varno 1 :varattno 4 :vartype 1114 :vartypmod -1 :varcollid 0 :varnullingrels (b) :varlevelsup 0 :varnosyn 1 :varattnosyn 4 :location 620}) :location 618} {NULLTEST :arg {VAR :varno 1 :varattno 5 :vartype 1114 :vartypmod -1 :varcollid 0 :varnullingrels (b) :varlevelsup 0 :varnosyn 1 :varattnosyn 5 :location 635} :nulltesttype 0 :argisrow false :location 643}) :location 631}
16602,CK_BillOfMaterials_ProductAssemblyID,16592,c,False,False,True,16594,0,0,0,0, , , ,True,0,False,"[2, 3]",,,,,,,{OPEXPR :opno 518 :opfuncid 144 :opresulttype 16 :opretset false :opcollid 0 :inputcollid 0 :args ({VAR :varno 1 :varattno 2 :vartype 23 :vartypmod -1 :varcollid 0 :varnullingrels (b) :varlevelsup 0 :varnosyn 1 :varattnosyn 2 :location 715} {VAR :varno 1 :varattno 3 :vartype 23 :vartypmod -1 :varcollid 0 :varnullingrels (b) :varlevelsup 0 :varnosyn 1 :varattnosyn 3 :location 736}) :location 733}
16603,CK_BillOfMaterials_BOMLevel,16592,c,False,False,True,16594,0,0,0,0, , , ,True,0,False,"[2, 7, 8]",,,,,,,{BOOLEXPR :boolop or :args ({BOOLEXPR :boolop and :args ({NULLTEST :arg {VAR :varno 1 :varattno 2 :vartype 23 :vartypmod -1 :varcollid 0 :varnullingrels (b) :varlevelsup 0 :varnosyn 1 :varattnosyn 2 :location 804} :nulltesttype 0 :argisrow false :location 822} {OPEXPR :opno 532 :opfuncid 158 :opresulttype 16 :opretset false :opcollid 0 :inputcollid 0 :args ({VAR :varno 1 :varattno 7 :vartype 21 :vartypmod -1 :varcollid 0 :varnullingrels (b) :varlevelsup 0 :varnosyn 1 :varattnosyn 7 :location 844} {CONST :consttype 23 :consttypmod -1 :constcollid 0 :constlen 4 :constbyval true :constisnull false :location 855 :constvalue 4 [ 0 0 0 0 0 0 0 0 ]}) :location 853} {OPEXPR :opno 1752 :opfuncid 1718 :opresulttype 16 :opretset false :opcollid 0 :inputcollid 0 :args ({VAR :varno 1 :varattno 8 :vartype 1700 :vartypmod 524294 :varcollid 0 :varnullingrels (b) :varlevelsup 0 :varnosyn 1 :varattnosyn 8 :location 863} {CONST :consttype 1700 :consttypmod -1 :constcollid 0 :constlen -1 :constbyval false :constisnull false :location 880 :constvalue 8 [ 32 0 0 0 0 -127 1 0 ]}) :location 878}) :location 839} {BOOLEXPR :boolop and :args ({NULLTEST :arg {VAR :varno 1 :varattno 2 :vartype 23 :vartypmod -1 :varcollid 0 :varnullingrels (b) :varlevelsup 0 :varnosyn 1 :varattnosyn 2 :location 900} :nulltesttype 1 :argisrow false :location 918} {OPEXPR :opno 542 :opfuncid 168 :opresulttype 16 :opretset false :opcollid 0 :inputcollid 0 :args ({VAR :varno 1 :varattno 7 :vartype 21 :vartypmod -1 :varcollid 0 :varnullingrels (b) :varlevelsup 0 :varnosyn 1 :varattnosyn 7 :location 936} {CONST :consttype 23 :consttypmod -1 :constcollid 0 :constlen 4 :constbyval true :constisnull false :location 948 :constvalue 4 [ 1 0 0 0 0 0 0 0 ]}) :location 945}) :location 931}) :location 895}
16604,CK_BillOfMaterials_PerAssemblyQty,16592,c,False,False,True,16594,0,0,0,0, , , ,True,0,False,[8],,,,,,,{OPEXPR :opno 1757 :opfuncid 1721 :opresulttype 16 :opretset false :opcollid 0 :inputcollid 0 :args ({VAR :varno 1 :varattno 8 :vartype 1700 :vartypmod 524294 :varcollid 0 :varnullingrels (b) :varlevelsup 0 :varnosyn 1 :varattnosyn 8 :location 1012} {CONST :consttype 1700 :consttypmod -1 :constcollid 0 :constlen -1 :constbyval false :constisnull false :location 1030 :constvalue 8 [ 32 0 0 0 0 -127 1 0 ]}) :location 1027}
16618,CK_Document_Status,16592,c,False,False,True,16611,0,0,0,0, , , ,True,0,False,[10],,,,,,,{BOOLEXPR :boolop and :args ({OPEXPR :opno 542 :opfuncid 168 :opresulttype 16 :opretset false :opcollid 0 :inputcollid 0 :args ({VAR :varno 1 :varattno 10 :vartype 21 :vartypmod -1 :varcollid 0 :varnullingrels (b) :varlevelsup 0 :varnosyn 1 :varattnosyn 10 :location 2038} {CONST :consttype 23 :consttypmod -1 :constcollid 0 :constlen 4 :constbyval true :constisnull false :location 2053 :constvalue 4 [ 1 0 0 0 0 0 0 0 ]}) :location 2045} {OPEXPR :opno 540 :opfuncid 166 :opresulttype 16 :opretset false :opcollid 0 :inputcollid 0 :args ({VAR :varno 1 :varattno 10 :vartype 21 :vartypmod -1 :varcollid 0 :varnullingrels (b) :varlevelsup 0 :varnosyn 1 :varattnosyn 10 :location 2038} {CONST :consttype 23 :consttypmod -1 :constcollid 0 :constlen 4 :constbyval true :constisnull false :location 2059 :constvalue 4 [ 3 0 0 0 0 0 0 0 ]}) :location 2045}) :location 2045}
16622,document_rowguid_key,16592,u,False,False,True,16611,0,16621,0,0, , , ,True,0,True,[13],,,,,,,
16659,CK_Product_SafetyStockLevel,16592,c,False,False,True,16651,0,0,0,0, , , ,True,0,False,[7],,,,,,,{OPEXPR :opno 536 :opfuncid 162 :opresulttype 16 :opretset false :opcollid 0 :inputcollid 0 :args ({VAR :varno 1 :varattno 7 :vartype 21 :vartypmod -1 :varcollid 0 :varnullingrels (b) :varlevelsup 0 :varnosyn 1 :varattnosyn 7 :location 4368} {CONST :consttype 23 :consttypmod -1 :constcollid 0 :constlen 4 :constbyval true :constisnull false :location 4387 :constvalue 4 [ 0 0 0 0 0 0 0 0 ]}) :location 4385}
16660,CK_Product_ReorderPoint,16592,c,False,False,True,16651,0,0,0,0, , , ,True,0,False,[8],,,,,,,{OPEXPR :opno 536 :opfuncid 162 :opresulttype 16 :opretset false :opcollid 0 :inputcollid 0 :args ({VAR :varno 1 :varattno 8 :vartype 21 :vartypmod -1 :varcollid 0 :varnullingrels (b) :varlevelsup 0 :varnosyn 1 :varattnosyn 8 :location 4439} {CONST :consttype 23 :consttypmod -1 :constcollid 0 :constlen 4 :constbyval true :constisnull false :location 4454 :constvalue 4 [ 0 0 0 0 0 0 0 0 ]}) :location 4452}
16661,CK_Product_StandardCost,16592,c,False,False,True,16651,0,0,0,0, , , ,True,0,False,[9],,,,,,,{OPEXPR :opno 1757 :opfuncid 1721 :opresulttype 16 :opretset false :opcollid 0 :inputcollid 0 :args ({VAR :varno 1 :varattno 9 :vartype 1700 :vartypmod -1 :varcollid 0 :varnullingrels (b) :varlevelsup 0 :varnosyn 1 :varattnosyn 9 :location 4506} {CONST :consttype 1700 :consttypmod -1 :constcollid 0 :constlen -1 :constbyval false :constisnull false :location 4522 :constvalue 6 [ 24 0 0 0 0 -127 ]}) :location 4519}
17312,PK_BusinessEntityAddress_BusinessEntityID_AddressID_AddressType,16433,p,False,False,True,16480,0,17311,0,0, , , ,True,0,True,"[1, 2, 3]",,,,,,,
16663,CK_Product_Weight,16592,c,False,False,True,16651,0,0,0,0, , , ,True,0,False,[14],,,,,,,{OPEXPR :opno 1756 :opfuncid 1720 :opresulttype 16 :opretset false :opcollid 0 :inputcollid 0 :args ({VAR :varno 1 :varattno 14 :vartype 1700 :vartypmod 524294 :varcollid 0 :varnullingrels (b) :varlevelsup 0 :varnosyn 1 :varattnosyn 14 :location 4636} {CONST :consttype 1700 :consttypmod -1 :constcollid 0 :constlen -1 :constbyval false :constisnull false :location 4645 :constvalue 6 [ 24 0 0 0 0 -127 ]}) :location 4643}
16664,CK_Product_DaysToManufacture,16592,c,False,False,True,16651,0,0,0,0, , , ,True,0,False,[15],,,,,,,{OPEXPR :opno 525 :opfuncid 150 :opresulttype 16 :opretset false :opcollid 0 :inputcollid 0 :args ({VAR :varno 1 :varattno 15 :vartype 23 :vartypmod -1 :varcollid 0 :varnullingrels (b) :varlevelsup 0 :varnosyn 1 :varattnosyn 15 :location 4705} {CONST :consttype 23 :consttypmod -1 :constcollid 0 :constlen 4 :constbyval true :constisnull false :location 4726 :constvalue 4 [ 0 0 0 0 0 0 0 0 ]}) :location 4723}
16665,CK_Product_ProductLine,16592,c,False,False,True,16651,0,0,0,0, , , ,True,0,False,[16],,,,,,,{BOOLEXPR :boolop or :args ({SCALARARRAYOPEXPR :opno 98 :opfuncid 67 :hashfuncid 0 :negfuncid 0 :useOr true :inputcollid 100 :args ({FUNCEXPR :funcid 871 :funcresulttype 25 :funcretset false :funcvariadic false :funcformat 0 :funccollid 100 :inputcollid 100 :args ({FUNCEXPR :funcid 401 :funcresulttype 25 :funcretset false :funcvariadic false :funcformat 2 :funccollid 100 :inputcollid 100 :args ({VAR :varno 1 :varattno 16 :vartype 1042 :vartypmod 6 :varcollid 100 :varnullingrels (b) :varlevelsup 0 :varnosyn 1 :varattnosyn 16 :location 4783}) :location -1}) :location 4777} {ARRAYEXPR :array_typeid 1009 :array_collid 100 :element_typeid 25 :elements ({CONST :consttype 25 :consttypmod -1 :constcollid 100 :constlen -1 :constbyval false :constisnull false :location 4800 :constvalue 5 [ 20 0 0 0 83 ]} {CONST :consttype 25 :consttypmod -1 :constcollid 100 :constlen -1 :constbyval false :constisnull false :location 4805 :constvalue 5 [ 20 0 0 0 84 ]} {CONST :consttype 25 :consttypmod -1 :constcollid 100 :constlen -1 :constbyval false :constisnull false :location 4810 :constvalue 5 [ 20 0 0 0 77 ]} {CONST :consttype 25 :consttypmod -1 :constcollid 100 :constlen -1 :constbyval false :constisnull false :location 4815 :constvalue 5 [ 20 0 0 0 82 ]}) :multidims false :location -1}) :location 4796} {NULLTEST :arg {VAR :varno 1 :varattno 16 :vartype 1042 :vartypmod 6 :varcollid 100 :varnullingrels (b) :varlevelsup 0 :varnosyn 1 :varattnosyn 16 :location 4823} :nulltesttype 0 :argisrow false :location 4835}) :location 4820}
16666,CK_Product_Class,16592,c,False,False,True,16651,0,0,0,0, , , ,True,0,False,[17],,,,,,,{BOOLEXPR :boolop or :args ({SCALARARRAYOPEXPR :opno 98 :opfuncid 67 :hashfuncid 0 :negfuncid 0 :useOr true :inputcollid 100 :args ({FUNCEXPR :funcid 871 :funcresulttype 25 :funcretset false :funcvariadic false :funcformat 0 :funccollid 100 :inputcollid 100 :args ({FUNCEXPR :funcid 401 :funcresulttype 25 :funcretset false :funcvariadic false :funcformat 2 :funccollid 100 :inputcollid 100 :args ({VAR :varno 1 :varattno 17 :vartype 1042 :vartypmod 6 :varcollid 100 :varnullingrels (b) :varlevelsup 0 :varnosyn 1 :varattnosyn 17 :location 4892}) :location -1}) :location 4886} {ARRAYEXPR :array_typeid 1009 :array_collid 100 :element_typeid 25 :elements ({CONST :consttype 25 :consttypmod -1 :constcollid 100 :constlen -1 :constbyval false :constisnull false :location 4903 :constvalue 5 [ 20 0 0 0 76 ]} {CONST :consttype 25 :consttypmod -1 :constcollid 100 :constlen -1 :constbyval false :constisnull false :location 4908 :constvalue 5 [ 20 0 0 0 77 ]} {CONST :consttype 25 :consttypmod -1 :constcollid 100 :constlen -1 :constbyval false :constisnull false :location 4913 :constvalue 5 [ 20 0 0 0 72 ]}) :multidims false :location -1}) :location 4899} {NULLTEST :arg {VAR :varno 1 :varattno 17 :vartype 1042 :vartypmod 6 :varcollid 100 :varnullingrels (b) :varlevelsup 0 :varnosyn 1 :varattnosyn 17 :location 4921} :nulltesttype 0 :argisrow false :location 4927}) :location 4918}
16667,CK_Product_Style,16592,c,False,False,True,16651,0,0,0,0, , , ,True,0,False,[18],,,,,,,{BOOLEXPR :boolop or :args ({SCALARARRAYOPEXPR :opno 98 :opfuncid 67 :hashfuncid 0 :negfuncid 0 :useOr true :inputcollid 100 :args ({FUNCEXPR :funcid 871 :funcresulttype 25 :funcretset false :funcvariadic false :funcformat 0 :funccollid 100 :inputcollid 100 :args ({FUNCEXPR :funcid 401 :funcresulttype 25 :funcretset false :funcvariadic false :funcformat 2 :funccollid 100 :inputcollid 100 :args ({VAR :varno 1 :varattno 18 :vartype 1042 :vartypmod 6 :varcollid 100 :varnullingrels (b) :varlevelsup 0 :varnosyn 1 :varattnosyn 18 :location 4984}) :location -1}) :location 4978} {ARRAYEXPR :array_typeid 1009 :array_collid 100 :element_typeid 25 :elements ({CONST :consttype 25 :consttypmod -1 :constcollid 100 :constlen -1 :constbyval false :constisnull false :location 4995 :constvalue 5 [ 20 0 0 0 87 ]} {CONST :consttype 25 :consttypmod -1 :constcollid 100 :constlen -1 :constbyval false :constisnull false :location 5000 :constvalue 5 [ 20 0 0 0 77 ]} {CONST :consttype 25 :consttypmod -1 :constcollid 100 :constlen -1 :constbyval false :constisnull false :location 5005 :constvalue 5 [ 20 0 0 0 85 ]}) :multidims false :location -1}) :location 4991} {NULLTEST :arg {VAR :varno 1 :varattno 18 :vartype 1042 :vartypmod 6 :varcollid 100 :varnullingrels (b) :varlevelsup 0 :varnosyn 1 :varattnosyn 18 :location 5013} :nulltesttype 0 :argisrow false :location 5019}) :location 5010}
16668,CK_Product_SellEndDate,16592,c,False,False,True,16651,0,0,0,0, , , ,True,0,False,"[22, 21]",,,,,,,{BOOLEXPR :boolop or :args ({OPEXPR :opno 2065 :opfuncid 2056 :opresulttype 16 :opretset false :opcollid 0 :inputcollid 0 :args ({VAR :varno 1 :varattno 22 :vartype 1114 :vartypmod -1 :varcollid 0 :varnullingrels (b) :varlevelsup 0 :varnosyn 1 :varattnosyn 22 :location 5077} {VAR :varno 1 :varattno 21 :vartype 1114 :vartypmod -1 :varcollid 0 :varnullingrels (b) :varlevelsup 0 :varnosyn 1 :varattnosyn 21 :location 5092}) :location 5089} {NULLTEST :arg {VAR :varno 1 :varattno 22 :vartype 1114 :vartypmod -1 :varcollid 0 :varnullingrels (b) :varlevelsup 0 :varnosyn 1 :varattnosyn 22 :location 5111} :nulltesttype 0 :argisrow false :location 5123}) :location 5107}
16675,CK_ProductCostHistory_EndDate,16592,c,False,False,True,16671,0,0,0,0, , , ,True,0,False,"[3, 2]",,,,,,,{BOOLEXPR :boolop or :args ({OPEXPR :opno 2065 :opfuncid 2056 :opresulttype 16 :opretset false :opcollid 0 :inputcollid 0 :args ({VAR :varno 1 :varattno 3 :vartype 1114 :vartypmod -1 :varcollid 0 :varnullingrels (b) :varlevelsup 0 :varnosyn 1 :varattnosyn 3 :location 5463} {VAR :varno 1 :varattno 2 :vartype 1114 :vartypmod -1 :varcollid 0 :varnullingrels (b) :varlevelsup 0 :varnosyn 1 :varattnosyn 2 :location 5474}) :location 5471} {NULLTEST :arg {VAR :varno 1 :varattno 3 :vartype 1114 :vartypmod -1 :varcollid 0 :varnullingrels (b) :varlevelsup 0 :varnosyn 1 :varattnosyn 3 :location 5489} :nulltesttype 0 :argisrow false :location 5497}) :location 5485}
17318,PK_BusinessEntityContact_BusinessEntityID_PersonID_ContactTypeI,16433,p,False,False,True,16493,0,17317,0,0, , , ,True,0,True,"[1, 2, 3]",,,,,,,
17324,PK_ContactType_ContactTypeID,16433,p,False,False,True,16486,0,17323,0,0, , , ,True,0,True,[1],,,,,,,
17332,PK_CountryRegionCurrency_CountryRegionCode_CurrencyCode,17102,p,False,False,True,17103,0,17331,0,0, , , ,True,0,True,"[1, 2]",,,,,,,
16676,CK_ProductCostHistory_StandardCost,16592,c,False,False,True,16671,0,0,0,0, , , ,True,0,False,[4],,,,,,,{OPEXPR :opno 1757 :opfuncid 1721 :opresulttype 16 :opretset false :opcollid 0 :inputcollid 0 :args ({VAR :varno 1 :varattno 4 :vartype 1700 :vartypmod -1 :varcollid 0 :varnullingrels (b) :varlevelsup 0 :varnosyn 1 :varattnosyn 4 :location 5567} {CONST :consttype 1700 :consttypmod -1 :constcollid 0 :constlen -1 :constbyval false :constisnull false :location 5583 :constvalue 6 [ 24 0 0 0 0 -127 ]}) :location 5580}
16700,CK_Location_CostRate,16592,c,False,False,True,16693,0,0,0,0, , , ,True,0,False,[3],,,,,,,{OPEXPR :opno 1757 :opfuncid 1721 :opresulttype 16 :opretset false :opcollid 0 :inputcollid 0 :args ({VAR :varno 1 :varattno 3 :vartype 1700 :vartypmod -1 :varcollid 0 :varnullingrels (b) :varlevelsup 0 :varnosyn 1 :varattnosyn 3 :location 6589} {CONST :consttype 1700 :consttypmod -1 :constcollid 0 :constlen -1 :constbyval false :constisnull false :location 6601 :constvalue 6 [ 24 0 0 0 0 -127 ]}) :location 6598}
16701,CK_Location_Availability,16592,c,False,False,True,16693,0,0,0,0, , , ,True,0,False,[4],,,,,,,{OPEXPR :opno 1757 :opfuncid 1721 :opresulttype 16 :opretset false :opcollid 0 :inputcollid 0 :args ({VAR :varno 1 :varattno 4 :vartype 1700 :vartypmod 524294 :varcollid 0 :varnullingrels (b) :varlevelsup 0 :varnosyn 1 :varattnosyn 4 :location 6657} {CONST :consttype 1700 :consttypmod -1 :constcollid 0 :constlen -1 :constbyval false :constisnull false :location 6673 :constvalue 6 [ 24 0 0 0 0 -127 ]}) :location 6670}
16710,CK_ProductInventory_Bin,16592,c,False,False,True,16704,0,0,0,0, , , ,True,0,False,[4],,,,,,,{BOOLEXPR :boolop and :args ({OPEXPR :opno 542 :opfuncid 168 :opresulttype 16 :opretset false :opcollid 0 :inputcollid 0 :args ({VAR :varno 1 :varattno 4 :vartype 21 :vartypmod -1 :varcollid 0 :varnullingrels (b) :varlevelsup 0 :varnosyn 1 :varattnosyn 4 :location 7287} {CONST :consttype 23 :consttypmod -1 :constcollid 0 :constlen 4 :constbyval true :constisnull false :location 7299 :constvalue 4 [ 0 0 0 0 0 0 0 0 ]}) :location 7291} {OPEXPR :opno 540 :opfuncid 166 :opresulttype 16 :opretset false :opcollid 0 :inputcollid 0 :args ({VAR :varno 1 :varattno 4 :vartype 21 :vartypmod -1 :varcollid 0 :varnullingrels (b) :varlevelsup 0 :varnosyn 1 :varattnosyn 4 :location 7287} {CONST :consttype 23 :consttypmod -1 :constcollid 0 :constlen 4 :constbyval true :constisnull false :location 7305 :constvalue 4 [ 100 0 0 0 0 0 0 0 ]}) :location 7291}) :location 7291}
16715,CK_ProductListPriceHistory_EndDate,16592,c,False,False,True,16711,0,0,0,0, , , ,True,0,False,"[3, 2]",,,,,,,{BOOLEXPR :boolop or :args ({OPEXPR :opno 2065 :opfuncid 2056 :opresulttype 16 :opretset false :opcollid 0 :inputcollid 0 :args ({VAR :varno 1 :varattno 3 :vartype 1114 :vartypmod -1 :varcollid 0 :varnullingrels (b) :varlevelsup 0 :varnosyn 1 :varattnosyn 3 :location 7652} {VAR :varno 1 :varattno 2 :vartype 1114 :vartypmod -1 :varcollid 0 :varnullingrels (b) :varlevelsup 0 :varnosyn 1 :varattnosyn 2 :location 7663}) :location 7660} {NULLTEST :arg {VAR :varno 1 :varattno 3 :vartype 1114 :vartypmod -1 :varcollid 0 :varnullingrels (b) :varlevelsup 0 :varnosyn 1 :varattnosyn 3 :location 7678} :nulltesttype 0 :argisrow false :location 7686}) :location 7674}
16716,CK_ProductListPriceHistory_ListPrice,16592,c,False,False,True,16711,0,0,0,0, , , ,True,0,False,[4],,,,,,,{OPEXPR :opno 1756 :opfuncid 1720 :opresulttype 16 :opretset false :opcollid 0 :inputcollid 0 :args ({VAR :varno 1 :varattno 4 :vartype 1700 :vartypmod -1 :varcollid 0 :varnullingrels (b) :varlevelsup 0 :varnosyn 1 :varattnosyn 4 :location 7758} {CONST :consttype 1700 :consttypmod -1 :constcollid 0 :constlen -1 :constbyval false :constisnull false :location 7770 :constvalue 6 [ 24 0 0 0 0 -127 ]}) :location 7768}
16755,CK_ProductReview_Rating,16592,c,False,False,True,16749,0,0,0,0, , , ,True,0,False,[6],,,,,,,{BOOLEXPR :boolop and :args ({OPEXPR :opno 525 :opfuncid 150 :opresulttype 16 :opretset false :opcollid 0 :inputcollid 0 :args ({VAR :varno 1 :varattno 6 :vartype 23 :vartypmod -1 :varcollid 0 :varnullingrels (b) :varlevelsup 0 :varnosyn 1 :varattnosyn 6 :location 9565} {CONST :consttype 23 :consttypmod -1 :constcollid 0 :constlen 4 :constbyval true :constisnull false :location 9580 :constvalue 4 [ 1 0 0 0 0 0 0 0 ]}) :location 9572} {OPEXPR :opno 523 :opfuncid 149 :opresulttype 16 :opretset false :opcollid 0 :inputcollid 0 :args ({VAR :varno 1 :varattno 6 :vartype 23 :vartypmod -1 :varcollid 0 :varnullingrels (b) :varlevelsup 0 :varnosyn 1 :varattnosyn 6 :location 9565} {CONST :consttype 23 :consttypmod -1 :constcollid 0 :constlen 4 :constbyval true :constisnull false :location 9586 :constvalue 4 [ 5 0 0 0 0 0 0 0 ]}) :location 9572}) :location 9572}
16774,CK_TransactionHistory_TransactionType,16592,c,False,False,True,16767,0,0,0,0, , , ,True,0,False,[6],,,,,,,{SCALARARRAYOPEXPR :opno 98 :opfuncid 67 :hashfuncid 0 :negfuncid 0 :useOr true :inputcollid 100 :args ({FUNCEXPR :funcid 871 :funcresulttype 25 :funcretset false :funcvariadic false :funcformat 0 :funccollid 100 :inputcollid 100 :args ({FUNCEXPR :funcid 401 :funcresulttype 25 :funcretset false :funcvariadic false :funcformat 2 :funccollid 100 :inputcollid 100 :args ({VAR :varno 1 :varattno 6 :vartype 1042 :vartypmod 5 :varcollid 100 :varnullingrels (b) :varlevelsup 0 :varnosyn 1 :varattnosyn 6 :location 10443}) :location -1}) :location 10437} {ARRAYEXPR :array_typeid 1009 :array_collid 100 :element_typeid 25 :elements ({CONST :consttype 25 :consttypmod -1 :constcollid 100 :constlen -1 :constbyval false :constisnull false :location 10464 :constvalue 5 [ 20 0 0 0 87 ]} {CONST :consttype 25 :consttypmod -1 :constcollid 100 :constlen -1 :constbyval false :constisnull false :location 10469 :constvalue 5 [ 20 0 0 0 83 ]} {CONST :consttype 25 :consttypmod -1 :constcollid 100 :constlen -1 :constbyval false :constisnull false :location 10474 :constvalue 5 [ 20 0 0 0 80 ]}) :multidims false :location -1}) :location 10460}
16783,CK_TransactionHistoryArchive_TransactionType,16592,c,False,False,True,16777,0,0,0,0, , , ,True,0,False,[6],,,,,,,{SCALARARRAYOPEXPR :opno 98 :opfuncid 67 :hashfuncid 0 :negfuncid 0 :useOr true :inputcollid 100 :args ({FUNCEXPR :funcid 871 :funcresulttype 25 :funcretset false :funcvariadic false :funcformat 0 :funccollid 100 :inputcollid 100 :args ({FUNCEXPR :funcid 401 :funcresulttype 25 :funcretset false :funcvariadic false :funcformat 2 :funccollid 100 :inputcollid 100 :args ({VAR :varno 1 :varattno 6 :vartype 1042 :vartypmod 5 :varcollid 100 :varnullingrels (b) :varlevelsup 0 :varnosyn 1 :varattnosyn 6 :location 11140}) :location -1}) :location 11134} {ARRAYEXPR :array_typeid 1009 :array_collid 100 :element_typeid 25 :elements ({CONST :consttype 25 :consttypmod -1 :constcollid 100 :constlen -1 :constbyval false :constisnull false :location 11161 :constvalue 5 [ 20 0 0 0 87 ]} {CONST :consttype 25 :consttypmod -1 :constcollid 100 :constlen -1 :constbyval false :constisnull false :location 11166 :constvalue 5 [ 20 0 0 0 83 ]} {CONST :consttype 25 :consttypmod -1 :constcollid 100 :constlen -1 :constbyval false :constisnull false :location 11171 :constvalue 5 [ 20 0 0 0 80 ]}) :multidims false :location -1}) :location 11157}
17338,PK_CountryRegion_CountryRegionCode,16433,p,False,False,True,16524,0,17337,0,0, , , ,True,0,True,[1],,,,,,,
16798,CK_WorkOrder_OrderQty,16592,c,False,False,True,16793,0,0,0,0, , , ,True,0,False,[3],,,,,,,{OPEXPR :opno 521 :opfuncid 147 :opresulttype 16 :opretset false :opcollid 0 :inputcollid 0 :args ({VAR :varno 1 :varattno 3 :vartype 23 :vartypmod -1 :varcollid 0 :varnullingrels (b) :varlevelsup 0 :varnosyn 1 :varattnosyn 3 :location 11852} {CONST :consttype 23 :consttypmod -1 :constcollid 0 :constlen 4 :constbyval true :constisnull false :location 11863 :constvalue 4 [ 0 0 0 0 0 0 0 0 ]}) :location 11861}
16799,CK_WorkOrder_ScrappedQty,16592,c,False,False,True,16793,0,0,0,0, , , ,True,0,False,[5],,,,,,,{OPEXPR :opno 542 :opfuncid 168 :opresulttype 16 :opretset false :opcollid 0 :inputcollid 0 :args ({VAR :varno 1 :varattno 5 :vartype 21 :vartypmod -1 :varcollid 0 :varnullingrels (b) :varlevelsup 0 :varnosyn 1 :varattnosyn 5 :location 11916} {CONST :consttype 23 :consttypmod -1 :constcollid 0 :constlen 4 :constbyval true :constisnull false :location 11931 :constvalue 4 [ 0 0 0 0 0 0 0 0 ]}) :location 11928}
16800,CK_WorkOrder_EndDate,16592,c,False,False,True,16793,0,0,0,0, , , ,True,0,False,"[7, 6]",,,,,,,{BOOLEXPR :boolop or :args ({OPEXPR :opno 2065 :opfuncid 2056 :opresulttype 16 :opretset false :opcollid 0 :inputcollid 0 :args ({VAR :varno 1 :varattno 7 :vartype 1114 :vartypmod -1 :varcollid 0 :varnullingrels (b) :varlevelsup 0 :varnosyn 1 :varattnosyn 7 :location 11981} {VAR :varno 1 :varattno 6 :vartype 1114 :vartypmod -1 :varcollid 0 :varnullingrels (b) :varlevelsup 0 :varnosyn 1 :varattnosyn 6 :location 11992}) :location 11989} {NULLTEST :arg {VAR :varno 1 :varattno 7 :vartype 1114 :vartypmod -1 :varcollid 0 :varnullingrels (b) :varlevelsup 0 :varnosyn 1 :varattnosyn 7 :location 12007} :nulltesttype 0 :argisrow false :location 12015}) :location 12003}
16805,CK_WorkOrderRouting_ScheduledEndDate,16592,c,False,False,True,16801,0,0,0,0, , , ,True,0,False,"[6, 5]",,,,,,,{OPEXPR :opno 2065 :opfuncid 2056 :opresulttype 16 :opretset false :opcollid 0 :inputcollid 0 :args ({VAR :varno 1 :varattno 6 :vartype 1114 :vartypmod -1 :varcollid 0 :varnullingrels (b) :varlevelsup 0 :varnosyn 1 :varattnosyn 6 :location 12633} {VAR :varno 1 :varattno 5 :vartype 1114 :vartypmod -1 :varcollid 0 :varnullingrels (b) :varlevelsup 0 :varnosyn 1 :varattnosyn 5 :location 12653}) :location 12650}
16806,CK_WorkOrderRouting_ActualEndDate,16592,c,False,False,True,16801,0,0,0,0, , , ,True,0,False,"[8, 7]",,,,,,,{BOOLEXPR :boolop or :args ({OPEXPR :opno 2065 :opfuncid 2056 :opresulttype 16 :opretset false :opcollid 0 :inputcollid 0 :args ({VAR :varno 1 :varattno 8 :vartype 1114 :vartypmod -1 :varcollid 0 :varnullingrels (b) :varlevelsup 0 :varnosyn 1 :varattnosyn 8 :location 12733} {VAR :varno 1 :varattno 7 :vartype 1114 :vartypmod -1 :varcollid 0 :varnullingrels (b) :varlevelsup 0 :varnosyn 1 :varattnosyn 7 :location 12750}) :location 12747} {NULLTEST :arg {VAR :varno 1 :varattno 8 :vartype 1114 :vartypmod -1 :varcollid 0 :varnullingrels (b) :varlevelsup 0 :varnosyn 1 :varattnosyn 8 :location 12779} :nulltesttype 0 :argisrow false :location 12793} {NULLTEST :arg {VAR :varno 1 :varattno 7 :vartype 1114 :vartypmod -1 :varcollid 0 :varnullingrels (b) :varlevelsup 0 :varnosyn 1 :varattnosyn 7 :location 12806} :nulltesttype 0 :argisrow false :location 12822}) :location 12775}
16807,CK_WorkOrderRouting_ActualResourceHrs,16592,c,False,False,True,16801,0,0,0,0, , , ,True,0,False,[9],,,,,,,{OPEXPR :opno 1757 :opfuncid 1721 :opresulttype 16 :opretset false :opcollid 0 :inputcollid 0 :args ({VAR :varno 1 :varattno 9 :vartype 1700 :vartypmod 589832 :varcollid 0 :varnullingrels (b) :varlevelsup 0 :varnosyn 1 :varattnosyn 9 :location 12895} {CONST :consttype 1700 :consttypmod -1 :constcollid 0 :constlen -1 :constbyval false :constisnull false :location 12916 :constvalue 6 [ 24 0 0 0 0 -126 ]}) :location 12913}
16808,CK_WorkOrderRouting_PlannedCost,16592,c,False,False,True,16801,0,0,0,0, , , ,True,0,False,[10],,,,,,,{OPEXPR :opno 1756 :opfuncid 1720 :opresulttype 16 :opretset false :opcollid 0 :inputcollid 0 :args ({VAR :varno 1 :varattno 10 :vartype 1700 :vartypmod -1 :varcollid 0 :varnullingrels (b) :varlevelsup 0 :varnosyn 1 :varattnosyn 10 :location 12981} {CONST :consttype 1700 :consttypmod -1 :constcollid 0 :constlen -1 :constbyval false :constisnull false :location 12995 :constvalue 6 [ 24 0 0 0 0 -127 ]}) :location 12993}
16809,CK_WorkOrderRouting_ActualCost,16592,c,False,False,True,16801,0,0,0,0, , , ,True,0,False,[11],,,,,,,{OPEXPR :opno 1756 :opfuncid 1720 :opresulttype 16 :opretset false :opcollid 0 :inputcollid 0 :args ({VAR :varno 1 :varattno 11 :vartype 1700 :vartypmod -1 :varcollid 0 :varnullingrels (b) :varlevelsup 0 :varnosyn 1 :varattnosyn 11 :location 13057} {CONST :consttype 1700 :consttypmod -1 :constcollid 0 :constlen -1 :constbyval false :constisnull false :location 13070 :constvalue 6 [ 24 0 0 0 0 -127 ]}) :location 13068}
17041,CK_ProductVendor_AverageLeadTime,17036,c,False,False,True,17037,0,0,0,0, , , ,True,0,False,[3],,,,,,,{OPEXPR :opno 525 :opfuncid 150 :opresulttype 16 :opretset false :opcollid 0 :inputcollid 0 :args ({VAR :varno 1 :varattno 3 :vartype 23 :vartypmod -1 :varcollid 0 :varnullingrels (b) :varlevelsup 0 :varnosyn 1 :varattnosyn 3 :location 552} {CONST :consttype 23 :consttypmod -1 :constcollid 0 :constlen 4 :constbyval true :constisnull false :location 571 :constvalue 4 [ 1 0 0 0 0 0 0 0 ]}) :location 568}
17042,CK_ProductVendor_StandardPrice,17036,c,False,False,True,17037,0,0,0,0, , , ,True,0,False,[4],,,,,,,{OPEXPR :opno 1756 :opfuncid 1720 :opresulttype 16 :opretset false :opcollid 0 :inputcollid 0 :args ({VAR :varno 1 :varattno 4 :vartype 1700 :vartypmod -1 :varcollid 0 :varnullingrels (b) :varlevelsup 0 :varnosyn 1 :varattnosyn 4 :location 630} {CONST :consttype 1700 :consttypmod -1 :constcollid 0 :constlen -1 :constbyval false :constisnull false :location 646 :constvalue 6 [ 24 0 0 0 0 -127 ]}) :location 644}
17043,CK_ProductVendor_LastReceiptCost,17036,c,False,False,True,17037,0,0,0,0, , , ,True,0,False,[5],,,,,,,{OPEXPR :opno 1756 :opfuncid 1720 :opresulttype 16 :opretset false :opcollid 0 :inputcollid 0 :args ({VAR :varno 1 :varattno 5 :vartype 1700 :vartypmod -1 :varcollid 0 :varnullingrels (b) :varlevelsup 0 :varnosyn 1 :varattnosyn 5 :location 710} {CONST :consttype 1700 :consttypmod -1 :constcollid 0 :constlen -1 :constbyval false :constisnull false :location 728 :constvalue 6 [ 24 0 0 0 0 -127 ]}) :location 726}
17044,CK_ProductVendor_MinOrderQty,17036,c,False,False,True,17037,0,0,0,0, , , ,True,0,False,[7],,,,,,,{OPEXPR :opno 525 :opfuncid 150 :opresulttype 16 :opretset false :opcollid 0 :inputcollid 0 :args ({VAR :varno 1 :varattno 7 :vartype 23 :vartypmod -1 :varcollid 0 :varnullingrels (b) :varlevelsup 0 :varnosyn 1 :varattnosyn 7 :location 788} {CONST :consttype 23 :consttypmod -1 :constcollid 0 :constlen 4 :constbyval true :constisnull false :location 803 :constvalue 4 [ 1 0 0 0 0 0 0 0 ]}) :location 800}
17346,PK_CreditCard_CreditCardID,17102,p,False,False,True,17108,0,17345,0,0, , , ,True,0,True,[1],,,,,,,
17352,PK_Currency_CurrencyCode,17102,p,False,False,True,17113,0,17351,0,0, , , ,True,0,True,[1],,,,,,,
17045,CK_ProductVendor_MaxOrderQty,17036,c,False,False,True,17037,0,0,0,0, , , ,True,0,False,[8],,,,,,,{OPEXPR :opno 525 :opfuncid 150 :opresulttype 16 :opretset false :opcollid 0 :inputcollid 0 :args ({VAR :varno 1 :varattno 8 :vartype 23 :vartypmod -1 :varcollid 0 :varnullingrels (b) :varlevelsup 0 :varnosyn 1 :varattnosyn 8 :location 860} {CONST :consttype 23 :consttypmod -1 :constcollid 0 :constlen 4 :constbyval true :constisnull false :location 875 :constvalue 4 [ 1 0 0 0 0 0 0 0 ]}) :location 872}
17046,CK_ProductVendor_OnOrderQty,17036,c,False,False,True,17037,0,0,0,0, , , ,True,0,False,[9],,,,,,,{OPEXPR :opno 525 :opfuncid 150 :opresulttype 16 :opretset false :opcollid 0 :inputcollid 0 :args ({VAR :varno 1 :varattno 9 :vartype 23 :vartypmod -1 :varcollid 0 :varnullingrels (b) :varlevelsup 0 :varnosyn 1 :varattnosyn 9 :location 931} {CONST :consttype 23 :consttypmod -1 :constcollid 0 :constlen 4 :constbyval true :constisnull false :location 945 :constvalue 4 [ 0 0 0 0 0 0 0 0 ]}) :location 942}
17055,CK_PurchaseOrderDetail_OrderQty,17036,c,False,False,True,17050,0,0,0,0, , , ,True,0,False,[4],,,,,,,{OPEXPR :opno 536 :opfuncid 162 :opresulttype 16 :opretset false :opcollid 0 :inputcollid 0 :args ({VAR :varno 1 :varattno 4 :vartype 21 :vartypmod -1 :varcollid 0 :varnullingrels (b) :varlevelsup 0 :varnosyn 1 :varattnosyn 4 :location 1579} {CONST :consttype 23 :consttypmod -1 :constcollid 0 :constlen 4 :constbyval true :constisnull false :location 1590 :constvalue 4 [ 0 0 0 0 0 0 0 0 ]}) :location 1588}
17056,CK_PurchaseOrderDetail_UnitPrice,17036,c,False,False,True,17050,0,0,0,0, , , ,True,0,False,[6],,,,,,,{OPEXPR :opno 1757 :opfuncid 1721 :opresulttype 16 :opretset false :opcollid 0 :inputcollid 0 :args ({VAR :varno 1 :varattno 6 :vartype 1700 :vartypmod -1 :varcollid 0 :varnullingrels (b) :varlevelsup 0 :varnosyn 1 :varattnosyn 6 :location 1651} {CONST :consttype 1700 :consttypmod -1 :constcollid 0 :constlen -1 :constbyval false :constisnull false :location 1664 :constvalue 6 [ 24 0 0 0 0 -127 ]}) :location 1661}
17057,CK_PurchaseOrderDetail_ReceivedQty,17036,c,False,False,True,17050,0,0,0,0, , , ,True,0,False,[8],,,,,,,{OPEXPR :opno 1757 :opfuncid 1721 :opresulttype 16 :opretset false :opcollid 0 :inputcollid 0 :args ({VAR :varno 1 :varattno 8 :vartype 1700 :vartypmod 524294 :varcollid 0 :varnullingrels (b) :varlevelsup 0 :varnosyn 1 :varattnosyn 8 :location 1730} {CONST :consttype 1700 :consttypmod -1 :constcollid 0 :constlen -1 :constbyval false :constisnull false :location 1745 :constvalue 6 [ 24 0 0 0 0 -127 ]}) :location 1742}
17058,CK_PurchaseOrderDetail_RejectedQty,17036,c,False,False,True,17050,0,0,0,0, , , ,True,0,False,[9],,,,,,,{OPEXPR :opno 1757 :opfuncid 1721 :opresulttype 16 :opretset false :opcollid 0 :inputcollid 0 :args ({VAR :varno 1 :varattno 9 :vartype 1700 :vartypmod 524294 :varcollid 0 :varnullingrels (b) :varlevelsup 0 :varnosyn 1 :varattnosyn 9 :location 1811} {CONST :consttype 1700 :consttypmod -1 :constcollid 0 :constlen -1 :constbyval false :constisnull false :location 1826 :constvalue 6 [ 24 0 0 0 0 -127 ]}) :location 1823}
17073,CK_PurchaseOrderHeader_Status,17036,c,False,False,True,17062,0,0,0,0, , , ,True,0,False,[3],,,,,,,{BOOLEXPR :boolop and :args ({OPEXPR :opno 542 :opfuncid 168 :opresulttype 16 :opretset false :opcollid 0 :inputcollid 0 :args ({VAR :varno 1 :varattno 3 :vartype 21 :vartypmod -1 :varcollid 0 :varnullingrels (b) :varlevelsup 0 :varnosyn 1 :varattnosyn 3 :location 2879} {CONST :consttype 23 :consttypmod -1 :constcollid 0 :constlen 4 :constbyval true :constisnull false :location 2894 :constvalue 4 [ 1 0 0 0 0 0 0 0 ]}) :location 2886} {OPEXPR :opno 540 :opfuncid 166 :opresulttype 16 :opretset false :opcollid 0 :inputcollid 0 :args ({VAR :varno 1 :varattno 3 :vartype 21 :vartypmod -1 :varcollid 0 :varnullingrels (b) :varlevelsup 0 :varnosyn 1 :varattnosyn 3 :location 2879} {CONST :consttype 23 :consttypmod -1 :constcollid 0 :constlen 4 :constbyval true :constisnull false :location 2900 :constvalue 4 [ 4 0 0 0 0 0 0 0 ]}) :location 2886}) :location 2886}
17074,CK_PurchaseOrderHeader_ShipDate,17036,c,False,False,True,17062,0,0,0,0, , , ,True,0,False,"[8, 7]",,,,,,,{BOOLEXPR :boolop or :args ({OPEXPR :opno 2065 :opfuncid 2056 :opresulttype 16 :opretset false :opcollid 0 :inputcollid 0 :args ({VAR :varno 1 :varattno 8 :vartype 1114 :vartypmod -1 :varcollid 0 :varnullingrels (b) :varlevelsup 0 :varnosyn 1 :varattnosyn 8 :location 3018} {VAR :varno 1 :varattno 7 :vartype 1114 :vartypmod -1 :varcollid 0 :varnullingrels (b) :varlevelsup 0 :varnosyn 1 :varattnosyn 7 :location 3030}) :location 3027} {NULLTEST :arg {VAR :varno 1 :varattno 8 :vartype 1114 :vartypmod -1 :varcollid 0 :varnullingrels (b) :varlevelsup 0 :varnosyn 1 :varattnosyn 8 :location 3045} :nulltesttype 0 :argisrow false :location 3054}) :location 3041}
17075,CK_PurchaseOrderHeader_SubTotal,17036,c,False,False,True,17062,0,0,0,0, , , ,True,0,False,[9],,,,,,,{OPEXPR :opno 1757 :opfuncid 1721 :opresulttype 16 :opretset false :opcollid 0 :inputcollid 0 :args ({VAR :varno 1 :varattno 9 :vartype 1700 :vartypmod -1 :varcollid 0 :varnullingrels (b) :varlevelsup 0 :varnosyn 1 :varattnosyn 9 :location 3121} {CONST :consttype 1700 :consttypmod -1 :constcollid 0 :constlen -1 :constbyval false :constisnull false :location 3133 :constvalue 6 [ 24 0 0 0 0 -127 ]}) :location 3130}
17076,CK_PurchaseOrderHeader_TaxAmt,17036,c,False,False,True,17062,0,0,0,0, , , ,True,0,False,[10],,,,,,,{OPEXPR :opno 1757 :opfuncid 1721 :opresulttype 16 :opretset false :opcollid 0 :inputcollid 0 :args ({VAR :varno 1 :varattno 10 :vartype 1700 :vartypmod -1 :varcollid 0 :varnullingrels (b) :varlevelsup 0 :varnosyn 1 :varattnosyn 10 :location 3194} {CONST :consttype 1700 :consttypmod -1 :constcollid 0 :constlen -1 :constbyval false :constisnull false :location 3204 :constvalue 6 [ 24 0 0 0 0 -127 ]}) :location 3201}
17077,CK_PurchaseOrderHeader_Freight,17036,c,False,False,True,17062,0,0,0,0, , , ,True,0,False,[11],,,,,,,{OPEXPR :opno 1757 :opfuncid 1721 :opresulttype 16 :opretset false :opcollid 0 :inputcollid 0 :args ({VAR :varno 1 :varattno 11 :vartype 1700 :vartypmod -1 :varcollid 0 :varnullingrels (b) :varlevelsup 0 :varnosyn 1 :varattnosyn 11 :location 3266} {CONST :consttype 1700 :consttypmod -1 :constcollid 0 :constlen -1 :constbyval false :constisnull false :location 3277 :constvalue 6 [ 24 0 0 0 0 -127 ]}) :location 3274}
17089,CK_ShipMethod_ShipBase,17036,c,False,False,True,17081,0,0,0,0, , , ,True,0,False,[3],,,,,,,{OPEXPR :opno 1756 :opfuncid 1720 :opresulttype 16 :opretset false :opcollid 0 :inputcollid 0 :args ({VAR :varno 1 :varattno 3 :vartype 1700 :vartypmod -1 :varcollid 0 :varnullingrels (b) :varlevelsup 0 :varnosyn 1 :varattnosyn 3 :location 3808} {CONST :consttype 1700 :consttypmod -1 :constcollid 0 :constlen -1 :constbyval false :constisnull false :location 3819 :constvalue 6 [ 24 0 0 0 0 -127 ]}) :location 3817}
17360,PK_CurrencyRate_CurrencyRateID,17102,p,False,False,True,17120,0,17359,0,0, , , ,True,0,True,[1],,,,,,,
17368,PK_Customer_CustomerID,17102,p,False,False,True,17128,0,17367,0,0, , , ,True,0,True,[1],,,,,,,
17090,CK_ShipMethod_ShipRate,17036,c,False,False,True,17081,0,0,0,0, , , ,True,0,False,[4],,,,,,,{OPEXPR :opno 1756 :opfuncid 1720 :opresulttype 16 :opretset false :opcollid 0 :inputcollid 0 :args ({VAR :varno 1 :varattno 4 :vartype 1700 :vartypmod -1 :varcollid 0 :varnullingrels (b) :varlevelsup 0 :varnosyn 1 :varattnosyn 4 :location 3873} {CONST :consttype 1700 :consttypmod -1 :constcollid 0 :constlen -1 :constbyval false :constisnull false :location 3884 :constvalue 6 [ 24 0 0 0 0 -127 ]}) :location 3882}
17099,CK_Vendor_CreditRating,17036,c,False,False,True,17093,0,0,0,0, , , ,True,0,False,[4],,,,,,,{BOOLEXPR :boolop and :args ({OPEXPR :opno 542 :opfuncid 168 :opresulttype 16 :opretset false :opcollid 0 :inputcollid 0 :args ({VAR :varno 1 :varattno 4 :vartype 21 :vartypmod -1 :varcollid 0 :varnullingrels (b) :varlevelsup 0 :varnosyn 1 :varattnosyn 4 :location 4437} {CONST :consttype 23 :consttypmod -1 :constcollid 0 :constlen 4 :constbyval true :constisnull false :location 4458 :constvalue 4 [ 1 0 0 0 0 0 0 0 ]}) :location 4450} {OPEXPR :opno 540 :opfuncid 166 :opresulttype 16 :opretset false :opcollid 0 :inputcollid 0 :args ({VAR :varno 1 :varattno 4 :vartype 21 :vartypmod -1 :varcollid 0 :varnullingrels (b) :varlevelsup 0 :varnosyn 1 :varattnosyn 4 :location 4437} {CONST :consttype 23 :consttypmod -1 :constcollid 0 :constlen 4 :constbyval true :constisnull false :location 4464 :constvalue 4 [ 5 0 0 0 0 0 0 0 ]}) :location 4450}) :location 4450}
17148,CK_SalesOrderDetail_OrderQty,17102,c,False,False,True,17141,0,0,0,0, , , ,True,0,False,[4],,,,,,,{OPEXPR :opno 536 :opfuncid 162 :opresulttype 16 :opretset false :opcollid 0 :inputcollid 0 :args ({VAR :varno 1 :varattno 4 :vartype 21 :vartypmod -1 :varcollid 0 :varnullingrels (b) :varlevelsup 0 :varnosyn 1 :varattnosyn 4 :location 2739} {CONST :consttype 23 :consttypmod -1 :constcollid 0 :constlen 4 :constbyval true :constisnull false :location 2750 :constvalue 4 [ 0 0 0 0 0 0 0 0 ]}) :location 2748}
17149,CK_SalesOrderDetail_UnitPrice,17102,c,False,False,True,17141,0,0,0,0, , , ,True,0,False,[7],,,,,,,{OPEXPR :opno 1757 :opfuncid 1721 :opresulttype 16 :opretset false :opcollid 0 :inputcollid 0 :args ({VAR :varno 1 :varattno 7 :vartype 1700 :vartypmod -1 :varcollid 0 :varnullingrels (b) :varlevelsup 0 :varnosyn 1 :varattnosyn 7 :location 2808} {CONST :consttype 1700 :consttypmod -1 :constcollid 0 :constlen -1 :constbyval false :constisnull false :location 2821 :constvalue 6 [ 24 0 0 0 0 -127 ]}) :location 2818}
17150,CK_SalesOrderDetail_UnitPriceDiscount,17102,c,False,False,True,17141,0,0,0,0, , , ,True,0,False,[8],,,,,,,{OPEXPR :opno 1757 :opfuncid 1721 :opresulttype 16 :opretset false :opcollid 0 :inputcollid 0 :args ({VAR :varno 1 :varattno 8 :vartype 1700 :vartypmod -1 :varcollid 0 :varnullingrels (b) :varlevelsup 0 :varnosyn 1 :varattnosyn 8 :location 2890} {CONST :consttype 1700 :consttypmod -1 :constcollid 0 :constlen -1 :constbyval false :constisnull false :location 2911 :constvalue 6 [ 24 0 0 0 0 -127 ]}) :location 2908}
17167,CK_SalesOrderHeader_Status,17102,c,False,False,True,17154,0,0,0,0, , , ,True,0,False,[6],,,,,,,{BOOLEXPR :boolop and :args ({OPEXPR :opno 542 :opfuncid 168 :opresulttype 16 :opretset false :opcollid 0 :inputcollid 0 :args ({VAR :varno 1 :varattno 6 :vartype 21 :vartypmod -1 :varcollid 0 :varnullingrels (b) :varlevelsup 0 :varnosyn 1 :varattnosyn 6 :location 4602} {CONST :consttype 23 :consttypmod -1 :constcollid 0 :constlen 4 :constbyval true :constisnull false :location 4617 :constvalue 4 [ 0 0 0 0 0 0 0 0 ]}) :location 4609} {OPEXPR :opno 540 :opfuncid 166 :opresulttype 16 :opretset false :opcollid 0 :inputcollid 0 :args ({VAR :varno 1 :varattno 6 :vartype 21 :vartypmod -1 :varcollid 0 :varnullingrels (b) :varlevelsup 0 :varnosyn 1 :varattnosyn 6 :location 4602} {CONST :consttype 23 :consttypmod -1 :constcollid 0 :constlen 4 :constbyval true :constisnull false :location 4623 :constvalue 4 [ 8 0 0 0 0 0 0 0 ]}) :location 4609}) :location 4609}
17168,CK_SalesOrderHeader_DueDate,17102,c,False,False,True,17154,0,0,0,0, , , ,True,0,False,"[4, 3]",,,,,,,{OPEXPR :opno 2065 :opfuncid 2056 :opresulttype 16 :opretset false :opcollid 0 :inputcollid 0 :args ({VAR :varno 1 :varattno 4 :vartype 1114 :vartypmod -1 :varcollid 0 :varnullingrels (b) :varlevelsup 0 :varnosyn 1 :varattnosyn 4 :location 4679} {VAR :varno 1 :varattno 3 :vartype 1114 :vartypmod -1 :varcollid 0 :varnullingrels (b) :varlevelsup 0 :varnosyn 1 :varattnosyn 3 :location 4690}) :location 4687}
17169,CK_SalesOrderHeader_ShipDate,17102,c,False,False,True,17154,0,0,0,0, , , ,True,0,False,"[5, 3]",,,,,,,{BOOLEXPR :boolop or :args ({OPEXPR :opno 2065 :opfuncid 2056 :opresulttype 16 :opretset false :opcollid 0 :inputcollid 0 :args ({VAR :varno 1 :varattno 5 :vartype 1114 :vartypmod -1 :varcollid 0 :varnullingrels (b) :varlevelsup 0 :varnosyn 1 :varattnosyn 5 :location 4756} {VAR :varno 1 :varattno 3 :vartype 1114 :vartypmod -1 :varcollid 0 :varnullingrels (b) :varlevelsup 0 :varnosyn 1 :varattnosyn 3 :location 4768}) :location 4765} {NULLTEST :arg {VAR :varno 1 :varattno 5 :vartype 1114 :vartypmod -1 :varcollid 0 :varnullingrels (b) :varlevelsup 0 :varnosyn 1 :varattnosyn 5 :location 4783} :nulltesttype 0 :argisrow false :location 4792}) :location 4779}
17170,CK_SalesOrderHeader_SubTotal,17102,c,False,False,True,17154,0,0,0,0, , , ,True,0,False,[20],,,,,,,{OPEXPR :opno 1757 :opfuncid 1721 :opresulttype 16 :opretset false :opcollid 0 :inputcollid 0 :args ({VAR :varno 1 :varattno 20 :vartype 1700 :vartypmod -1 :varcollid 0 :varnullingrels (b) :varlevelsup 0 :varnosyn 1 :varattnosyn 20 :location 4856} {CONST :consttype 1700 :consttypmod -1 :constcollid 0 :constlen -1 :constbyval false :constisnull false :location 4868 :constvalue 6 [ 24 0 0 0 0 -127 ]}) :location 4865}
17171,CK_SalesOrderHeader_TaxAmt,17102,c,False,False,True,17154,0,0,0,0, , , ,True,0,False,[21],,,,,,,{OPEXPR :opno 1757 :opfuncid 1721 :opresulttype 16 :opretset false :opcollid 0 :inputcollid 0 :args ({VAR :varno 1 :varattno 21 :vartype 1700 :vartypmod -1 :varcollid 0 :varnullingrels (b) :varlevelsup 0 :varnosyn 1 :varattnosyn 21 :location 4926} {CONST :consttype 1700 :consttypmod -1 :constcollid 0 :constlen -1 :constbyval false :constisnull false :location 4936 :constvalue 6 [ 24 0 0 0 0 -127 ]}) :location 4933}
17172,CK_SalesOrderHeader_Freight,17102,c,False,False,True,17154,0,0,0,0, , , ,True,0,False,[22],,,,,,,{OPEXPR :opno 1757 :opfuncid 1721 :opresulttype 16 :opretset false :opcollid 0 :inputcollid 0 :args ({VAR :varno 1 :varattno 22 :vartype 1700 :vartypmod -1 :varcollid 0 :varnullingrels (b) :varlevelsup 0 :varnosyn 1 :varattnosyn 22 :location 4995} {CONST :consttype 1700 :consttypmod -1 :constcollid 0 :constlen -1 :constbyval false :constisnull false :location 5006 :constvalue 6 [ 24 0 0 0 0 -127 ]}) :location 5003}
17253,CK_ShoppingCartItem_Quantity,17102,c,False,False,True,17246,0,0,0,0, , , ,True,0,False,[3],,,,,,,{OPEXPR :opno 525 :opfuncid 150 :opresulttype 16 :opretset false :opcollid 0 :inputcollid 0 :args ({VAR :varno 1 :varattno 3 :vartype 23 :vartypmod -1 :varcollid 0 :varnullingrels (b) :varlevelsup 0 :varnosyn 1 :varattnosyn 3 :location 9630} {CONST :consttype 23 :consttypmod -1 :constcollid 0 :constlen 4 :constbyval true :constisnull false :location 9642 :constvalue 4 [ 1 0 0 0 0 0 0 0 ]}) :location 9639}
17188,CK_SalesPerson_SalesQuota,17102,c,False,False,True,17179,0,0,0,0, , , ,True,0,False,[3],,,,,,,{OPEXPR :opno 1756 :opfuncid 1720 :opresulttype 16 :opretset false :opcollid 0 :inputcollid 0 :args ({VAR :varno 1 :varattno 3 :vartype 1700 :vartypmod -1 :varcollid 0 :varnullingrels (b) :varlevelsup 0 :varnosyn 1 :varattnosyn 3 :location 6009} {CONST :consttype 1700 :consttypmod -1 :constcollid 0 :constlen -1 :constbyval false :constisnull false :location 6022 :constvalue 6 [ 24 0 0 0 0 -127 ]}) :location 6020}
17189,CK_SalesPerson_Bonus,17102,c,False,False,True,17179,0,0,0,0, , , ,True,0,False,[4],,,,,,,{OPEXPR :opno 1757 :opfuncid 1721 :opresulttype 16 :opretset false :opcollid 0 :inputcollid 0 :args ({VAR :varno 1 :varattno 4 :vartype 1700 :vartypmod -1 :varcollid 0 :varnullingrels (b) :varlevelsup 0 :varnosyn 1 :varattnosyn 4 :location 6074} {CONST :consttype 1700 :consttypmod -1 :constcollid 0 :constlen -1 :constbyval false :constisnull false :location 6083 :constvalue 6 [ 24 0 0 0 0 -127 ]}) :location 6080}
17190,CK_SalesPerson_CommissionPct,17102,c,False,False,True,17179,0,0,0,0, , , ,True,0,False,[5],,,,,,,{OPEXPR :opno 1757 :opfuncid 1721 :opresulttype 16 :opretset false :opcollid 0 :inputcollid 0 :args ({VAR :varno 1 :varattno 5 :vartype 1700 :vartypmod -1 :varcollid 0 :varnullingrels (b) :varlevelsup 0 :varnosyn 1 :varattnosyn 5 :location 6143} {CONST :consttype 1700 :consttypmod -1 :constcollid 0 :constlen -1 :constbyval false :constisnull false :location 6160 :constvalue 6 [ 24 0 0 0 0 -127 ]}) :location 6157}
17191,CK_SalesPerson_SalesYTD,17102,c,False,False,True,17179,0,0,0,0, , , ,True,0,False,[6],,,,,,,{OPEXPR :opno 1757 :opfuncid 1721 :opresulttype 16 :opretset false :opcollid 0 :inputcollid 0 :args ({VAR :varno 1 :varattno 6 :vartype 1700 :vartypmod -1 :varcollid 0 :varnullingrels (b) :varlevelsup 0 :varnosyn 1 :varattnosyn 6 :location 6215} {CONST :consttype 1700 :consttypmod -1 :constcollid 0 :constlen -1 :constbyval false :constisnull false :location 6227 :constvalue 6 [ 24 0 0 0 0 -127 ]}) :location 6224}
17192,CK_SalesPerson_SalesLastYear,17102,c,False,False,True,17179,0,0,0,0, , , ,True,0,False,[7],,,,,,,{OPEXPR :opno 1757 :opfuncid 1721 :opresulttype 16 :opretset false :opcollid 0 :inputcollid 0 :args ({VAR :varno 1 :varattno 7 :vartype 1700 :vartypmod -1 :varcollid 0 :varnullingrels (b) :varlevelsup 0 :varnosyn 1 :varattnosyn 7 :location 6287} {CONST :consttype 1700 :consttypmod -1 :constcollid 0 :constlen -1 :constbyval false :constisnull false :location 6304 :constvalue 6 [ 24 0 0 0 0 -127 ]}) :location 6301}
17200,CK_SalesPersonQuotaHistory_SalesQuota,17102,c,False,False,True,17195,0,0,0,0, , , ,True,0,False,[3],,,,,,,{OPEXPR :opno 1756 :opfuncid 1720 :opresulttype 16 :opretset false :opcollid 0 :inputcollid 0 :args ({VAR :varno 1 :varattno 3 :vartype 1700 :vartypmod -1 :varcollid 0 :varnullingrels (b) :varlevelsup 0 :varnosyn 1 :varattnosyn 3 :location 6751} {CONST :consttype 1700 :consttypmod -1 :constcollid 0 :constlen -1 :constbyval false :constisnull false :location 6764 :constvalue 6 [ 24 0 0 0 0 -127 ]}) :location 6762}
17219,CK_SalesTaxRate_TaxType,17102,c,False,False,True,17212,0,0,0,0, , , ,True,0,False,[3],,,,,,,{BOOLEXPR :boolop and :args ({OPEXPR :opno 542 :opfuncid 168 :opresulttype 16 :opretset false :opcollid 0 :inputcollid 0 :args ({VAR :varno 1 :varattno 3 :vartype 21 :vartypmod -1 :varcollid 0 :varnullingrels (b) :varlevelsup 0 :varnosyn 1 :varattnosyn 3 :location 7528} {CONST :consttype 23 :consttypmod -1 :constcollid 0 :constlen 4 :constbyval true :constisnull false :location 7544 :constvalue 4 [ 1 0 0 0 0 0 0 0 ]}) :location 7536} {OPEXPR :opno 540 :opfuncid 166 :opresulttype 16 :opretset false :opcollid 0 :inputcollid 0 :args ({VAR :varno 1 :varattno 3 :vartype 21 :vartypmod -1 :varcollid 0 :varnullingrels (b) :varlevelsup 0 :varnosyn 1 :varattnosyn 3 :location 7528} {CONST :consttype 23 :consttypmod -1 :constcollid 0 :constlen 4 :constbyval true :constisnull false :location 7550 :constvalue 4 [ 3 0 0 0 0 0 0 0 ]}) :location 7536}) :location 7536}
17233,CK_SalesTerritory_SalesYTD,17102,c,False,False,True,17223,0,0,0,0, , , ,True,0,False,[5],,,,,,,{OPEXPR :opno 1757 :opfuncid 1721 :opresulttype 16 :opretset false :opcollid 0 :inputcollid 0 :args ({VAR :varno 1 :varattno 5 :vartype 1700 :vartypmod -1 :varcollid 0 :varnullingrels (b) :varlevelsup 0 :varnosyn 1 :varattnosyn 5 :location 8393} {CONST :consttype 1700 :consttypmod -1 :constcollid 0 :constlen -1 :constbyval false :constisnull false :location 8405 :constvalue 6 [ 24 0 0 0 0 -127 ]}) :location 8402}
17234,CK_SalesTerritory_SalesLastYear,17102,c,False,False,True,17223,0,0,0,0, , , ,True,0,False,[6],,,,,,,{OPEXPR :opno 1757 :opfuncid 1721 :opresulttype 16 :opretset false :opcollid 0 :inputcollid 0 :args ({VAR :varno 1 :varattno 6 :vartype 1700 :vartypmod -1 :varcollid 0 :varnullingrels (b) :varlevelsup 0 :varnosyn 1 :varattnosyn 6 :location 8468} {CONST :consttype 1700 :consttypmod -1 :constcollid 0 :constlen -1 :constbyval false :constisnull false :location 8485 :constvalue 6 [ 24 0 0 0 0 -127 ]}) :location 8482}
17235,CK_SalesTerritory_CostYTD,17102,c,False,False,True,17223,0,0,0,0, , , ,True,0,False,[7],,,,,,,{OPEXPR :opno 1757 :opfuncid 1721 :opresulttype 16 :opretset false :opcollid 0 :inputcollid 0 :args ({VAR :varno 1 :varattno 7 :vartype 1700 :vartypmod -1 :varcollid 0 :varnullingrels (b) :varlevelsup 0 :varnosyn 1 :varattnosyn 7 :location 8542} {CONST :consttype 1700 :consttypmod -1 :constcollid 0 :constlen -1 :constbyval false :constisnull false :location 8553 :constvalue 6 [ 24 0 0 0 0 -127 ]}) :location 8550}
17236,CK_SalesTerritory_CostLastYear,17102,c,False,False,True,17223,0,0,0,0, , , ,True,0,False,[8],,,,,,,{OPEXPR :opno 1757 :opfuncid 1721 :opresulttype 16 :opretset false :opcollid 0 :inputcollid 0 :args ({VAR :varno 1 :varattno 8 :vartype 1700 :vartypmod -1 :varcollid 0 :varnullingrels (b) :varlevelsup 0 :varnosyn 1 :varattnosyn 8 :location 8615} {CONST :consttype 1700 :consttypmod -1 :constcollid 0 :constlen -1 :constbyval false :constisnull false :location 8631 :constvalue 6 [ 24 0 0 0 0 -127 ]}) :location 8628}
17244,CK_SalesTerritoryHistory_EndDate,17102,c,False,False,True,17239,0,0,0,0, , , ,True,0,False,"[4, 3]",,,,,,,{BOOLEXPR :boolop or :args ({OPEXPR :opno 2065 :opfuncid 2056 :opresulttype 16 :opretset false :opcollid 0 :inputcollid 0 :args ({VAR :varno 1 :varattno 4 :vartype 1114 :vartypmod -1 :varcollid 0 :varnullingrels (b) :varlevelsup 0 :varnosyn 1 :varattnosyn 4 :location 9103} {VAR :varno 1 :varattno 3 :vartype 1114 :vartypmod -1 :varcollid 0 :varnullingrels (b) :varlevelsup 0 :varnosyn 1 :varattnosyn 3 :location 9114}) :location 9111} {NULLTEST :arg {VAR :varno 1 :varattno 4 :vartype 1114 :vartypmod -1 :varcollid 0 :varnullingrels (b) :varlevelsup 0 :varnosyn 1 :varattnosyn 4 :location 9129} :nulltesttype 0 :argisrow false :location 9137}) :location 9125}
17288,PK_Address_AddressID,16433,p,False,False,True,16463,0,17287,0,0, , , ,True,0,True,[1],,,,,,,
17296,PK_AddressType_AddressTypeID,16433,p,False,False,True,16472,0,17295,0,0, , , ,True,0,True,[1],,,,,,,
17263,CK_SpecialOffer_EndDate,17102,c,False,False,True,17255,0,0,0,0, , , ,True,0,False,"[7, 6]",,,,,,,{OPEXPR :opno 2065 :opfuncid 2056 :opresulttype 16 :opretset false :opcollid 0 :inputcollid 0 :args ({VAR :varno 1 :varattno 7 :vartype 1114 :vartypmod -1 :varcollid 0 :varnullingrels (b) :varlevelsup 0 :varnosyn 1 :varattnosyn 7 :location 10349} {VAR :varno 1 :varattno 6 :vartype 1114 :vartypmod -1 :varcollid 0 :varnullingrels (b) :varlevelsup 0 :varnosyn 1 :varattnosyn 6 :location 10360}) :location 10357}
17264,CK_SpecialOffer_DiscountPct,17102,c,False,False,True,17255,0,0,0,0, , , ,True,0,False,[3],,,,,,,{OPEXPR :opno 1757 :opfuncid 1721 :opresulttype 16 :opretset false :opcollid 0 :inputcollid 0 :args ({VAR :varno 1 :varattno 3 :vartype 1700 :vartypmod -1 :varcollid 0 :varnullingrels (b) :varlevelsup 0 :varnosyn 1 :varattnosyn 3 :location 10424} {CONST :consttype 1700 :consttypmod -1 :constcollid 0 :constlen -1 :constbyval false :constisnull false :location 10439 :constvalue 6 [ 24 0 0 0 0 -127 ]}) :location 10436}
17265,CK_SpecialOffer_MinQty,17102,c,False,False,True,17255,0,0,0,0, , , ,True,0,False,[8],,,,,,,{OPEXPR :opno 525 :opfuncid 150 :opresulttype 16 :opretset false :opcollid 0 :inputcollid 0 :args ({VAR :varno 1 :varattno 8 :vartype 23 :vartypmod -1 :varcollid 0 :varnullingrels (b) :varlevelsup 0 :varnosyn 1 :varattnosyn 8 :location 10493} {CONST :consttype 23 :consttypmod -1 :constcollid 0 :constlen 4 :constbyval true :constisnull false :location 10503 :constvalue 4 [ 0 0 0 0 0 0 0 0 ]}) :location 10500}
17266,CK_SpecialOffer_MaxQty,17102,c,False,False,True,17255,0,0,0,0, , , ,True,0,False,[9],,,,,,,{OPEXPR :opno 525 :opfuncid 150 :opresulttype 16 :opretset false :opcollid 0 :inputcollid 0 :args ({VAR :varno 1 :varattno 9 :vartype 23 :vartypmod -1 :varcollid 0 :varnullingrels (b) :varlevelsup 0 :varnosyn 1 :varattnosyn 9 :location 10555} {CONST :consttype 23 :consttypmod -1 :constcollid 0 :constlen 4 :constbyval true :constisnull false :location 10565 :constvalue 4 [ 0 0 0 0 0 0 0 0 ]}) :location 10562}
17374,PK_Culture_CultureID,16592,p,False,False,True,16605,0,17373,0,0, , , ,True,0,True,[1],,,,,,,
17382,PK_Document_DocumentNode,16592,p,False,False,True,16611,0,17381,0,0, , , ,True,0,True,[15],,,,,,,
17391,PK_EmailAddress_BusinessEntityID_EmailAddressID,16433,p,False,False,True,16499,0,17390,0,0, , , ,True,0,True,"[1, 2]",,,,,,,
17397,PK_Department_DepartmentID,16530,p,False,False,True,16532,0,17396,0,0, , , ,True,0,True,[1],,,,,,,
17405,PK_Employee_BusinessEntityID,16530,p,False,False,True,16539,0,17404,0,0, , , ,True,0,True,[1],,,,,,,
17413,PK_EmployeeDepartmentHistory_BusinessEntityID_StartDate_Departm,16530,p,False,False,True,16556,0,17412,0,0, , , ,True,0,True,"[1, 4, 2, 3]",,,,,,,
17419,PK_EmployeePayHistory_BusinessEntityID_RateChangeDate,16530,p,False,False,True,16561,0,17418,0,0, , , ,True,0,True,"[1, 2]",,,,,,,
17427,PK_JobCandidate_JobCandidateID,16530,p,False,False,True,16570,0,17426,0,0, , , ,True,0,True,[1],,,,,,,
17435,PK_Illustration_IllustrationID,16592,p,False,False,True,16720,0,17434,0,0, , , ,True,0,True,[1],,,,,,,
17443,PK_Location_LocationID,16592,p,False,False,True,16693,0,17442,0,0, , , ,True,0,True,[1],,,,,,,
17451,PK_Password_BusinessEntityID,16433,p,False,False,True,16505,0,17450,0,0, , , ,True,0,True,[1],,,,,,,
17457,PK_Person_BusinessEntityID,16433,p,False,False,True,16441,0,17456,0,0, , , ,True,0,True,[1],,,,,,,
17467,PK_PersonPhone_BusinessEntityID_PhoneNumber_PhoneNumberTypeID,16433,p,False,False,True,16518,0,17466,0,0, , , ,True,0,True,"[1, 2, 3]",,,,,,,
17475,PK_PhoneNumberType_PhoneNumberTypeID,16433,p,False,False,True,16511,0,17474,0,0, , , ,True,0,True,[1],,,,,,,
17483,PK_Product_ProductID,16592,p,False,False,True,16651,0,17482,0,0, , , ,True,0,True,[1],,,,,,,
17491,PK_ProductCategory_ProductCategoryID,16592,p,False,False,True,16624,0,17490,0,0, , , ,True,0,True,[1],,,,,,,
17499,PK_ProductCostHistory_ProductID_StartDate,16592,p,False,False,True,16671,0,17498,0,0, , , ,True,0,True,"[1, 2]",,,,,,,
17507,PK_ProductDescription_ProductDescriptionID,16592,p,False,False,True,16680,0,17506,0,0, , , ,True,0,True,[1],,,,,,,
17513,PK_ProductDocument_ProductID_DocumentNode,16592,p,False,False,True,16686,0,17512,0,0, , , ,True,0,True,"[1, 4]",,,,,,,
17521,PK_ProductInventory_ProductID_LocationID,16592,p,False,False,True,16704,0,17520,0,0, , , ,True,0,True,"[1, 2]",,,,,,,
17527,PK_ProductListPriceHistory_ProductID_StartDate,16592,p,False,False,True,16711,0,17526,0,0, , , ,True,0,True,"[1, 2]",,,,,,,
17535,PK_ProductModel_ProductModelID,16592,p,False,False,True,16642,0,17534,0,0, , , ,True,0,True,[1],,,,,,,
17543,PK_ProductModelIllustration_ProductModelID_IllustrationID,16592,p,False,False,True,16727,0,17542,0,0, , , ,True,0,True,"[1, 2]",,,,,,,
17549,PK_ProductModelProductDescriptionCulture_ProductModelID_Product,16592,p,False,False,True,16731,0,17548,0,0, , , ,True,0,True,"[1, 2, 3]",,,,,,,
17555,PK_ProductPhoto_ProductPhotoID,16592,p,False,False,True,16736,0,17554,0,0, , , ,True,0,True,[1],,,,,,,
17563,PK_ProductProductPhoto_ProductID_ProductPhotoID,16592,p,False,False,True,16743,0,17562,0,0, , , ,True,0,True,"[1, 2]",,,,,,,
17565,PK_ProductReview_ProductReviewID,16592,p,False,False,True,16749,0,17564,0,0, , , ,True,0,True,[1],,,,,,,
17573,PK_ProductSubcategory_ProductSubcategoryID,16592,p,False,False,True,16633,0,17572,0,0, , , ,True,0,True,[1],,,,,,,
17581,PK_ProductVendor_ProductID_BusinessEntityID,17036,p,False,False,True,17037,0,17580,0,0, , , ,True,0,True,"[1, 2]",,,,,,,
17589,PK_PurchaseOrderDetail_PurchaseOrderID_PurchaseOrderDetailID,17036,p,False,False,True,17050,0,17588,0,0, , , ,True,0,True,"[1, 2]",,,,,,,
17597,PK_PurchaseOrderHeader_PurchaseOrderID,17036,p,False,False,True,17062,0,17596,0,0, , , ,True,0,True,[1],,,,,,,
17605,PK_PersonCreditCard_BusinessEntityID_CreditCardID,17102,p,False,False,True,17136,0,17604,0,0, , , ,True,0,True,"[1, 2]",,,,,,,
17611,PK_SalesOrderDetail_SalesOrderID_SalesOrderDetailID,17102,p,False,False,True,17141,0,17610,0,0, , , ,True,0,True,"[1, 2]",,,,,,,
17619,PK_SalesOrderHeader_SalesOrderID,17102,p,False,False,True,17154,0,17618,0,0, , , ,True,0,True,[1],,,,,,,
17627,PK_SalesOrderHeaderSalesReason_SalesOrderID_SalesReasonID,17102,p,False,False,True,17175,0,17626,0,0, , , ,True,0,True,"[1, 2]",,,,,,,
17633,PK_SalesPerson_BusinessEntityID,17102,p,False,False,True,17179,0,17632,0,0, , , ,True,0,True,[1],,,,,,,
17641,PK_SalesPersonQuotaHistory_BusinessEntityID_QuotaDate,17102,p,False,False,True,17195,0,17640,0,0, , , ,True,0,True,"[1, 2]",,,,,,,
17649,PK_SalesReason_SalesReasonID,17102,p,False,False,True,17204,0,17648,0,0, , , ,True,0,True,[1],,,,,,,
17657,PK_SalesTaxRate_SalesTaxRateID,17102,p,False,False,True,17212,0,17656,0,0, , , ,True,0,True,[1],,,,,,,
17665,PK_SalesTerritory_TerritoryID,17102,p,False,False,True,17223,0,17664,0,0, , , ,True,0,True,[1],,,,,,,
17673,PK_SalesTerritoryHistory_BusinessEntityID_StartDate_TerritoryID,17102,p,False,False,True,17239,0,17672,0,0, , , ,True,0,True,"[1, 3, 2]",,,,,,,
17679,PK_ScrapReason_ScrapReasonID,16592,p,False,False,True,16759,0,17678,0,0, , , ,True,0,True,[1],,,,,,,
17687,PK_Shift_ShiftID,16530,p,False,False,True,16578,0,17686,0,0, , , ,True,0,True,[1],,,,,,,
17695,PK_ShipMethod_ShipMethodID,17036,p,False,False,True,17081,0,17694,0,0, , , ,True,0,True,[1],,,,,,,
17703,PK_ShoppingCartItem_ShoppingCartItemID,17102,p,False,False,True,17246,0,17702,0,0, , , ,True,0,True,[1],,,,,,,
17709,PK_SpecialOffer_SpecialOfferID,17102,p,False,False,True,17255,0,17708,0,0, , , ,True,0,True,[1],,,,,,,
17717,PK_SpecialOfferProduct_SpecialOfferID_ProductID,17102,p,False,False,True,17269,0,17716,0,0, , , ,True,0,True,"[1, 2]",,,,,,,
17723,PK_StateProvince_StateProvinceID,16433,p,False,False,True,16453,0,17722,0,0, , , ,True,0,True,[1],,,,,,,
17731,PK_Store_BusinessEntityID,17102,p,False,False,True,17274,0,17730,0,0, , , ,True,0,True,[1],,,,,,,
17739,PK_TransactionHistory_TransactionID,16592,p,False,False,True,16767,0,17738,0,0, , , ,True,0,True,[1],,,,,,,
17747,PK_TransactionHistoryArchive_TransactionID,16592,p,False,False,True,16777,0,17746,0,0, , , ,True,0,True,[1],,,,,,,
17755,PK_UnitMeasure_UnitMeasureCode,16592,p,False,False,True,16786,0,17754,0,0, , , ,True,0,True,[1],,,,,,,
17763,PK_Vendor_BusinessEntityID,17036,p,False,False,True,17093,0,17762,0,0, , , ,True,0,True,[1],,,,,,,
17771,PK_WorkOrder_WorkOrderID,16592,p,False,False,True,16793,0,17770,0,0, , , ,True,0,True,[1],,,,,,,
17777,PK_WorkOrderRouting_WorkOrderID_ProductID_OperationSequence,16592,p,False,False,True,16801,0,17776,0,0, , , ,True,0,True,"[1, 2, 3]",,,,,,,
17784,FK_Address_StateProvince_StateProvinceID,16433,f,False,False,True,16463,0,17722,0,16453,a,a,s,True,0,True,[5],[1],[96],[96],[96],,,
17789,FK_BillOfMaterials_Product_ProductAssemblyID,16592,f,False,False,True,16594,0,17482,0,16651,a,a,s,True,0,True,[2],[1],[96],[96],[96],,,
17794,FK_BillOfMaterials_Product_ComponentID,16592,f,False,False,True,16594,0,17482,0,16651,a,a,s,True,0,True,[3],[1],[96],[96],[96],,,
17799,FK_BillOfMaterials_UnitMeasure_UnitMeasureCode,16592,f,False,False,True,16594,0,17754,0,16786,a,a,s,True,0,True,[6],[1],[1054],[1054],[1054],,,
17804,FK_BusinessEntityAddress_Address_AddressID,16433,f,False,False,True,16480,0,17287,0,16463,a,a,s,True,0,True,[2],[1],[96],[96],[96],,,
17809,FK_BusinessEntityAddress_AddressType_AddressTypeID,16433,f,False,False,True,16480,0,17295,0,16472,a,a,s,True,0,True,[3],[1],[96],[96],[96],,,
17814,FK_BusinessEntityAddress_BusinessEntity_BusinessEntityID,16433,f,False,False,True,16480,0,17305,0,16435,a,a,s,True,0,True,[1],[1],[96],[96],[96],,,
17819,FK_BusinessEntityContact_Person_PersonID,16433,f,False,False,True,16493,0,17456,0,16441,a,a,s,True,0,True,[2],[1],[96],[96],[96],,,
17824,FK_BusinessEntityContact_ContactType_ContactTypeID,16433,f,False,False,True,16493,0,17323,0,16486,a,a,s,True,0,True,[3],[1],[96],[96],[96],,,
17829,FK_BusinessEntityContact_BusinessEntity_BusinessEntityID,16433,f,False,False,True,16493,0,17305,0,16435,a,a,s,True,0,True,[1],[1],[96],[96],[96],,,
17834,FK_CountryRegionCurrency_CountryRegion_CountryRegionCode,17102,f,False,False,True,17103,0,17337,0,16524,a,a,s,True,0,True,[1],[1],[98],[98],[98],,,
17839,FK_CountryRegionCurrency_Currency_CurrencyCode,17102,f,False,False,True,17103,0,17351,0,17113,a,a,s,True,0,True,[2],[1],[1054],[1054],[1054],,,
17844,FK_CurrencyRate_Currency_FromCurrencyCode,17102,f,False,False,True,17120,0,17351,0,17113,a,a,s,True,0,True,[3],[1],[1054],[1054],[1054],,,
17849,FK_CurrencyRate_Currency_ToCurrencyCode,17102,f,False,False,True,17120,0,17351,0,17113,a,a,s,True,0,True,[4],[1],[1054],[1054],[1054],,,
17854,FK_Customer_Person_PersonID,17102,f,False,False,True,17128,0,17456,0,16441,a,a,s,True,0,True,[2],[1],[96],[96],[96],,,
17859,FK_Customer_Store_StoreID,17102,f,False,False,True,17128,0,17730,0,17274,a,a,s,True,0,True,[3],[1],[96],[96],[96],,,
17864,FK_Customer_SalesTerritory_TerritoryID,17102,f,False,False,True,17128,0,17664,0,17223,a,a,s,True,0,True,[4],[1],[96],[96],[96],,,
17869,FK_Document_Employee_Owner,16592,f,False,False,True,16611,0,17404,0,16539,a,a,s,True,0,True,[4],[1],[96],[96],[96],,,
17874,FK_EmailAddress_Person_BusinessEntityID,16433,f,False,False,True,16499,0,17456,0,16441,a,a,s,True,0,True,[1],[1],[96],[96],[96],,,
17879,FK_Employee_Person_BusinessEntityID,16530,f,False,False,True,16539,0,17456,0,16441,a,a,s,True,0,True,[1],[1],[96],[96],[96],,,
17884,FK_EmployeeDepartmentHistory_Department_DepartmentID,16530,f,False,False,True,16556,0,17396,0,16532,a,a,s,True,0,True,[2],[1],[533],[96],[94],,,
17889,FK_EmployeeDepartmentHistory_Employee_BusinessEntityID,16530,f,False,False,True,16556,0,17404,0,16539,a,a,s,True,0,True,[1],[1],[96],[96],[96],,,
17894,FK_EmployeeDepartmentHistory_Shift_ShiftID,16530,f,False,False,True,16556,0,17686,0,16578,a,a,s,True,0,True,[3],[1],[533],[96],[94],,,
17899,FK_EmployeePayHistory_Employee_BusinessEntityID,16530,f,False,False,True,16561,0,17404,0,16539,a,a,s,True,0,True,[1],[1],[96],[96],[96],,,
17904,FK_JobCandidate_Employee_BusinessEntityID,16530,f,False,False,True,16570,0,17404,0,16539,a,a,s,True,0,True,[2],[1],[96],[96],[96],,,
17909,FK_Password_Person_BusinessEntityID,16433,f,False,False,True,16505,0,17456,0,16441,a,a,s,True,0,True,[1],[1],[96],[96],[96],,,
17914,FK_Person_BusinessEntity_BusinessEntityID,16433,f,False,False,True,16441,0,17305,0,16435,a,a,s,True,0,True,[1],[1],[96],[96],[96],,,
17919,FK_PersonCreditCard_Person_BusinessEntityID,17102,f,False,False,True,17136,0,17456,0,16441,a,a,s,True,0,True,[1],[1],[96],[96],[96],,,
17924,FK_PersonCreditCard_CreditCard_CreditCardID,17102,f,False,False,True,17136,0,17345,0,17108,a,a,s,True,0,True,[2],[1],[96],[96],[96],,,
17929,FK_PersonPhone_Person_BusinessEntityID,16433,f,False,False,True,16518,0,17456,0,16441,a,a,s,True,0,True,[1],[1],[96],[96],[96],,,
17934,FK_PersonPhone_PhoneNumberType_PhoneNumberTypeID,16433,f,False,False,True,16518,0,17474,0,16511,a,a,s,True,0,True,[3],[1],[96],[96],[96],,,
17939,FK_Product_UnitMeasure_SizeUnitMeasureCode,16592,f,False,False,True,16651,0,17754,0,16786,a,a,s,True,0,True,[12],[1],[1054],[1054],[1054],,,
17944,FK_Product_UnitMeasure_WeightUnitMeasureCode,16592,f,False,False,True,16651,0,17754,0,16786,a,a,s,True,0,True,[13],[1],[1054],[1054],[1054],,,
17949,FK_Product_ProductModel_ProductModelID,16592,f,False,False,True,16651,0,17534,0,16642,a,a,s,True,0,True,[20],[1],[96],[96],[96],,,
17954,FK_Product_ProductSubcategory_ProductSubcategoryID,16592,f,False,False,True,16651,0,17572,0,16633,a,a,s,True,0,True,[19],[1],[96],[96],[96],,,
17959,FK_ProductCostHistory_Product_ProductID,16592,f,False,False,True,16671,0,17482,0,16651,a,a,s,True,0,True,[1],[1],[96],[96],[96],,,
17964,FK_ProductDocument_Product_ProductID,16592,f,False,False,True,16686,0,17482,0,16651,a,a,s,True,0,True,[1],[1],[96],[96],[96],,,
17969,FK_ProductDocument_Document_DocumentNode,16592,f,False,False,True,16686,0,17381,0,16611,a,a,s,True,0,True,[4],[15],[98],[98],[98],,,
17974,FK_ProductInventory_Location_LocationID,16592,f,False,False,True,16704,0,17442,0,16693,a,a,s,True,0,True,[2],[1],[533],[96],[94],,,
17979,FK_ProductInventory_Product_ProductID,16592,f,False,False,True,16704,0,17482,0,16651,a,a,s,True,0,True,[1],[1],[96],[96],[96],,,
17984,FK_ProductListPriceHistory_Product_ProductID,16592,f,False,False,True,16711,0,17482,0,16651,a,a,s,True,0,True,[1],[1],[96],[96],[96],,,
17989,FK_ProductModelIllustration_ProductModel_ProductModelID,16592,f,False,False,True,16727,0,17534,0,16642,a,a,s,True,0,True,[1],[1],[96],[96],[96],,,
17994,FK_ProductModelIllustration_Illustration_IllustrationID,16592,f,False,False,True,16727,0,17434,0,16720,a,a,s,True,0,True,[2],[1],[96],[96],[96],,,
18004,FK_ProductModelProductDescriptionCulture_Culture_CultureID,16592,f,False,False,True,16731,0,17373,0,16605,a,a,s,True,0,True,[3],[1],[1054],[1054],[1054],,,
18009,FK_ProductModelProductDescriptionCulture_ProductModel_ProductMo,16592,f,False,False,True,16731,0,17534,0,16642,a,a,s,True,0,True,[1],[1],[96],[96],[96],,,
18014,FK_ProductProductPhoto_Product_ProductID,16592,f,False,False,True,16743,0,17482,0,16651,a,a,s,True,0,True,[1],[1],[96],[96],[96],,,
18019,FK_ProductProductPhoto_ProductPhoto_ProductPhotoID,16592,f,False,False,True,16743,0,17554,0,16736,a,a,s,True,0,True,[2],[1],[96],[96],[96],,,
18024,FK_ProductReview_Product_ProductID,16592,f,False,False,True,16749,0,17482,0,16651,a,a,s,True,0,True,[2],[1],[96],[96],[96],,,
18029,FK_ProductSubcategory_ProductCategory_ProductCategoryID,16592,f,False,False,True,16633,0,17490,0,16624,a,a,s,True,0,True,[2],[1],[96],[96],[96],,,
18034,FK_ProductVendor_Product_ProductID,17036,f,False,False,True,17037,0,17482,0,16651,a,a,s,True,0,True,[1],[1],[96],[96],[96],,,
18039,FK_ProductVendor_UnitMeasure_UnitMeasureCode,17036,f,False,False,True,17037,0,17754,0,16786,a,a,s,True,0,True,[10],[1],[1054],[1054],[1054],,,
18044,FK_ProductVendor_Vendor_BusinessEntityID,17036,f,False,False,True,17037,0,17762,0,17093,a,a,s,True,0,True,[2],[1],[96],[96],[96],,,
18049,FK_PurchaseOrderDetail_Product_ProductID,17036,f,False,False,True,17050,0,17482,0,16651,a,a,s,True,0,True,[5],[1],[96],[96],[96],,,
18054,FK_PurchaseOrderDetail_PurchaseOrderHeader_PurchaseOrderID,17036,f,False,False,True,17050,0,17596,0,17062,a,a,s,True,0,True,[1],[1],[96],[96],[96],,,
18059,FK_PurchaseOrderHeader_Employee_EmployeeID,17036,f,False,False,True,17062,0,17404,0,16539,a,a,s,True,0,True,[4],[1],[96],[96],[96],,,
18064,FK_PurchaseOrderHeader_Vendor_VendorID,17036,f,False,False,True,17062,0,17762,0,17093,a,a,s,True,0,True,[5],[1],[96],[96],[96],,,
18069,FK_PurchaseOrderHeader_ShipMethod_ShipMethodID,17036,f,False,False,True,17062,0,17694,0,17081,a,a,s,True,0,True,[6],[1],[96],[96],[96],,,
18074,FK_SalesOrderDetail_SalesOrderHeader_SalesOrderID,17102,f,False,False,True,17141,0,17618,0,17154,a,c,s,True,0,True,[1],[1],[96],[96],[96],,,
18079,FK_SalesOrderDetail_SpecialOfferProduct_SpecialOfferIDProductID,17102,f,False,False,True,17141,0,17716,0,17269,a,a,s,True,0,True,"[6, 5]","[1, 2]","[96, 96]","[96, 96]","[96, 96]",,,
18084,FK_SalesOrderHeader_Address_BillToAddressID,17102,f,False,False,True,17154,0,17287,0,16463,a,a,s,True,0,True,[14],[1],[96],[96],[96],,,
18089,FK_SalesOrderHeader_Address_ShipToAddressID,17102,f,False,False,True,17154,0,17287,0,16463,a,a,s,True,0,True,[15],[1],[96],[96],[96],,,
18094,FK_SalesOrderHeader_CreditCard_CreditCardID,17102,f,False,False,True,17154,0,17345,0,17108,a,a,s,True,0,True,[17],[1],[96],[96],[96],,,
18099,FK_SalesOrderHeader_CurrencyRate_CurrencyRateID,17102,f,False,False,True,17154,0,17359,0,17120,a,a,s,True,0,True,[19],[1],[96],[96],[96],,,
18104,FK_SalesOrderHeader_Customer_CustomerID,17102,f,False,False,True,17154,0,17367,0,17128,a,a,s,True,0,True,[11],[1],[96],[96],[96],,,
18109,FK_SalesOrderHeader_SalesPerson_SalesPersonID,17102,f,False,False,True,17154,0,17632,0,17179,a,a,s,True,0,True,[12],[1],[96],[96],[96],,,
18114,FK_SalesOrderHeader_ShipMethod_ShipMethodID,17102,f,False,False,True,17154,0,17694,0,17081,a,a,s,True,0,True,[16],[1],[96],[96],[96],,,
18119,FK_SalesOrderHeader_SalesTerritory_TerritoryID,17102,f,False,False,True,17154,0,17664,0,17223,a,a,s,True,0,True,[13],[1],[96],[96],[96],,,
18124,FK_SalesOrderHeaderSalesReason_SalesReason_SalesReasonID,17102,f,False,False,True,17175,0,17648,0,17204,a,a,s,True,0,True,[2],[1],[96],[96],[96],,,
18129,FK_SalesOrderHeaderSalesReason_SalesOrderHeader_SalesOrderID,17102,f,False,False,True,17175,0,17618,0,17154,a,c,s,True,0,True,[1],[1],[96],[96],[96],,,
18134,FK_SalesPerson_Employee_BusinessEntityID,17102,f,False,False,True,17179,0,17404,0,16539,a,a,s,True,0,True,[1],[1],[96],[96],[96],,,
18139,FK_SalesPerson_SalesTerritory_TerritoryID,17102,f,False,False,True,17179,0,17664,0,17223,a,a,s,True,0,True,[2],[1],[96],[96],[96],,,
18144,FK_SalesPersonQuotaHistory_SalesPerson_BusinessEntityID,17102,f,False,False,True,17195,0,17632,0,17179,a,a,s,True,0,True,[1],[1],[96],[96],[96],,,
18149,FK_SalesTaxRate_StateProvince_StateProvinceID,17102,f,False,False,True,17212,0,17722,0,16453,a,a,s,True,0,True,[2],[1],[96],[96],[96],,,
18154,FK_SalesTerritory_CountryRegion_CountryRegionCode,17102,f,False,False,True,17223,0,17337,0,16524,a,a,s,True,0,True,[3],[1],[98],[98],[98],,,
18159,FK_SalesTerritoryHistory_SalesPerson_BusinessEntityID,17102,f,False,False,True,17239,0,17632,0,17179,a,a,s,True,0,True,[1],[1],[96],[96],[96],,,
18164,FK_SalesTerritoryHistory_SalesTerritory_TerritoryID,17102,f,False,False,True,17239,0,17664,0,17223,a,a,s,True,0,True,[2],[1],[96],[96],[96],,,
18169,FK_ShoppingCartItem_Product_ProductID,17102,f,False,False,True,17246,0,17482,0,16651,a,a,s,True,0,True,[4],[1],[96],[96],[96],,,
18174,FK_SpecialOfferProduct_Product_ProductID,17102,f,False,False,True,17269,0,17482,0,16651,a,a,s,True,0,True,[2],[1],[96],[96],[96],,,
18179,FK_SpecialOfferProduct_SpecialOffer_SpecialOfferID,17102,f,False,False,True,17269,0,17708,0,17255,a,a,s,True,0,True,[1],[1],[96],[96],[96],,,
18184,FK_StateProvince_CountryRegion_CountryRegionCode,16433,f,False,False,True,16453,0,17337,0,16524,a,a,s,True,0,True,[3],[1],[98],[98],[98],,,
18189,FK_StateProvince_SalesTerritory_TerritoryID,16433,f,False,False,True,16453,0,17664,0,17223,a,a,s,True,0,True,[6],[1],[96],[96],[96],,,
18194,FK_Store_BusinessEntity_BusinessEntityID,17102,f,False,False,True,17274,0,17305,0,16435,a,a,s,True,0,True,[1],[1],[96],[96],[96],,,
18199,FK_Store_SalesPerson_SalesPersonID,17102,f,False,False,True,17274,0,17632,0,17179,a,a,s,True,0,True,[3],[1],[96],[96],[96],,,
18204,FK_TransactionHistory_Product_ProductID,16592,f,False,False,True,16767,0,17482,0,16651,a,a,s,True,0,True,[2],[1],[96],[96],[96],,,
18209,FK_Vendor_BusinessEntity_BusinessEntityID,17036,f,False,False,True,17093,0,17305,0,16435,a,a,s,True,0,True,[1],[1],[96],[96],[96],,,
18214,FK_WorkOrder_Product_ProductID,16592,f,False,False,True,16793,0,17482,0,16651,a,a,s,True,0,True,[2],[1],[96],[96],[96],,,
18219,FK_WorkOrder_ScrapReason_ScrapReasonID,16592,f,False,False,True,16793,0,17678,0,16759,a,a,s,True,0,True,[9],[1],[533],[96],[94],,,
18224,FK_WorkOrderRouting_Location_LocationID,16592,f,False,False,True,16801,0,17442,0,16693,a,a,s,True,0,True,[4],[1],[533],[96],[94],,,
18229,FK_WorkOrderRouting_WorkOrder_WorkOrderID,16592,f,False,False,True,16801,0,17770,0,16793,a,a,s,True,0,True,[1],[1],[96],[96],[96],,,
