17785,16453,0,RI_ConstraintTrigger_a_17785,1654,9,O,True,16463,17722,17784,False,False,0,,<memory at 0x000001E00E73B400>,,,
17786,16453,0,RI_ConstraintTrigger_a_17786,1655,17,O,True,16463,17722,17784,False,False,0,,<memory at 0x000001E00E73B280>,,,
17787,16463,0,RI_ConstraintTrigger_c_17787,1644,5,O,True,16453,17722,17784,False,False,0,,<memory at 0x000001E01095F280>,,,
17788,16463,0,RI_ConstraintTrigger_c_17788,1645,17,O,True,16453,17722,17784,False,False,0,,<memory at 0x000001E01095E200>,,,
17790,16651,0,RI_ConstraintTrigger_a_17790,1654,9,O,True,16594,17482,17789,False,False,0,,<memory at 0x000001E01095D180>,,,
17791,16651,0,RI_ConstraintTrigger_a_17791,1655,17,O,True,16594,17482,17789,False,False,0,,<memory at 0x000001E01095E2C0>,,,
17792,16594,0,RI_ConstraintTrigger_c_17792,1644,5,O,True,16651,17482,17789,False,False,0,,<memory at 0x000001E01095CE80>,,,
17793,16594,0,RI_ConstraintTrigger_c_17793,1645,17,O,True,16651,17482,17789,False,False,0,,<memory at 0x000001E01095E380>,,,
17795,16651,0,RI_ConstraintTrigger_a_17795,1654,9,O,True,16594,17482,17794,False,False,0,,<memory at 0x000001E01095CA00>,,,
17796,16651,0,RI_ConstraintTrigger_a_17796,1655,17,O,True,16594,17482,17794,False,False,0,,<memory at 0x000001E01095C100>,,,
17797,16594,0,RI_ConstraintTrigger_c_17797,1644,5,O,True,16651,17482,17794,False,False,0,,<memory at 0x000001E01095CC40>,,,
17798,16594,0,RI_ConstraintTrigger_c_17798,1645,17,O,True,16651,17482,17794,False,False,0,,<memory at 0x000001E01095FD00>,,,
17800,16786,0,RI_ConstraintTrigger_a_17800,1654,9,O,True,16594,17754,17799,False,False,0,,<memory at 0x000001E01095DC00>,,,
17801,16786,0,RI_ConstraintTrigger_a_17801,1655,17,O,True,16594,17754,17799,False,False,0,,<memory at 0x000001E01095DFC0>,,,
17802,16594,0,RI_ConstraintTrigger_c_17802,1644,5,O,True,16786,17754,17799,False,False,0,,<memory at 0x000001E01095DCC0>,,,
17803,16594,0,RI_ConstraintTrigger_c_17803,1645,17,O,True,16786,17754,17799,False,False,0,,<memory at 0x000001E01095E800>,,,
17805,16463,0,RI_ConstraintTrigger_a_17805,1654,9,O,True,16480,17287,17804,False,False,0,,<memory at 0x000001E01095FA00>,,,
17806,16463,0,RI_ConstraintTrigger_a_17806,1655,17,O,True,16480,17287,17804,False,False,0,,<memory at 0x000001E01095FB80>,,,
17807,16480,0,RI_ConstraintTrigger_c_17807,1644,5,O,True,16463,17287,17804,False,False,0,,<memory at 0x000001E01095D540>,,,
17808,16480,0,RI_ConstraintTrigger_c_17808,1645,17,O,True,16463,17287,17804,False,False,0,,<memory at 0x000001E01095FC40>,,,
17810,16472,0,RI_ConstraintTrigger_a_17810,1654,9,O,True,16480,17295,17809,False,False,0,,<memory at 0x000001E01095F940>,,,
17811,16472,0,RI_ConstraintTrigger_a_17811,1655,17,O,True,16480,17295,17809,False,False,0,,<memory at 0x000001E01095F640>,,,
17812,16480,0,RI_ConstraintTrigger_c_17812,1644,5,O,True,16472,17295,17809,False,False,0,,<memory at 0x000001E01095F340>,,,
17813,16480,0,RI_ConstraintTrigger_c_17813,1645,17,O,True,16472,17295,17809,False,False,0,,<memory at 0x000001E01095F040>,,,
17815,16435,0,RI_ConstraintTrigger_a_17815,1654,9,O,True,16480,17305,17814,False,False,0,,<memory at 0x000001E01095EBC0>,,,
17816,16435,0,RI_ConstraintTrigger_a_17816,1655,17,O,True,16480,17305,17814,False,False,0,,<memory at 0x000001E01095E680>,,,
17817,16480,0,RI_ConstraintTrigger_c_17817,1644,5,O,True,16435,17305,17814,False,False,0,,<memory at 0x000001E01095D9C0>,,,
17818,16480,0,RI_ConstraintTrigger_c_17818,1645,17,O,True,16435,17305,17814,False,False,0,,<memory at 0x000001E01095E140>,,,
17820,16441,0,RI_ConstraintTrigger_a_17820,1654,9,O,True,16493,17456,17819,False,False,0,,<memory at 0x000001E01095D000>,,,
17821,16441,0,RI_ConstraintTrigger_a_17821,1655,17,O,True,16493,17456,17819,False,False,0,,<memory at 0x000001E01095D840>,,,
17822,16493,0,RI_ConstraintTrigger_c_17822,1644,5,O,True,16441,17456,17819,False,False,0,,<memory at 0x000001E01095D300>,,,
17823,16493,0,RI_ConstraintTrigger_c_17823,1645,17,O,True,16441,17456,17819,False,False,0,,<memory at 0x000001E01095CB80>,,,
17825,16486,0,RI_ConstraintTrigger_a_17825,1654,9,O,True,16493,17323,17824,False,False,0,,<memory at 0x000001E01095C700>,,,
17826,16486,0,RI_ConstraintTrigger_a_17826,1655,17,O,True,16493,17323,17824,False,False,0,,<memory at 0x000001E01095EE00>,,,
17827,16493,0,RI_ConstraintTrigger_c_17827,1644,5,O,True,16486,17323,17824,False,False,0,,<memory at 0x000001E010BEC040>,,,
17828,16493,0,RI_ConstraintTrigger_c_17828,1645,17,O,True,16486,17323,17824,False,False,0,,<memory at 0x000001E010BEC1C0>,,,
17830,16435,0,RI_ConstraintTrigger_a_17830,1654,9,O,True,16493,17305,17829,False,False,0,,<memory at 0x000001E010BEC340>,,,
17831,16435,0,RI_ConstraintTrigger_a_17831,1655,17,O,True,16493,17305,17829,False,False,0,,<memory at 0x000001E010BEC4C0>,,,
17832,16493,0,RI_ConstraintTrigger_c_17832,1644,5,O,True,16435,17305,17829,False,False,0,,<memory at 0x000001E010BEC640>,,,
17833,16493,0,RI_ConstraintTrigger_c_17833,1645,17,O,True,16435,17305,17829,False,False,0,,<memory at 0x000001E010BEC7C0>,,,
17835,16524,0,RI_ConstraintTrigger_a_17835,1654,9,O,True,17103,17337,17834,False,False,0,,<memory at 0x000001E010BEC940>,,,
17836,16524,0,RI_ConstraintTrigger_a_17836,1655,17,O,True,17103,17337,17834,False,False,0,,<memory at 0x000001E010BECAC0>,,,
17837,17103,0,RI_ConstraintTrigger_c_17837,1644,5,O,True,16524,17337,17834,False,False,0,,<memory at 0x000001E010BECC40>,,,
17838,17103,0,RI_ConstraintTrigger_c_17838,1645,17,O,True,16524,17337,17834,False,False,0,,<memory at 0x000001E010BECDC0>,,,
17840,17113,0,RI_ConstraintTrigger_a_17840,1654,9,O,True,17103,17351,17839,False,False,0,,<memory at 0x000001E010BECF40>,,,
17841,17113,0,RI_ConstraintTrigger_a_17841,1655,17,O,True,17103,17351,17839,False,False,0,,<memory at 0x000001E010BED0C0>,,,
17842,17103,0,RI_ConstraintTrigger_c_17842,1644,5,O,True,17113,17351,17839,False,False,0,,<memory at 0x000001E010BED240>,,,
17843,17103,0,RI_ConstraintTrigger_c_17843,1645,17,O,True,17113,17351,17839,False,False,0,,<memory at 0x000001E010BED3C0>,,,
17845,17113,0,RI_ConstraintTrigger_a_17845,1654,9,O,True,17120,17351,17844,False,False,0,,<memory at 0x000001E010BED540>,,,
17846,17113,0,RI_ConstraintTrigger_a_17846,1655,17,O,True,17120,17351,17844,False,False,0,,<memory at 0x000001E010BED6C0>,,,
17847,17120,0,RI_ConstraintTrigger_c_17847,1644,5,O,True,17113,17351,17844,False,False,0,,<memory at 0x000001E010BED840>,,,
17848,17120,0,RI_ConstraintTrigger_c_17848,1645,17,O,True,17113,17351,17844,False,False,0,,<memory at 0x000001E010BED9C0>,,,
17850,17113,0,RI_ConstraintTrigger_a_17850,1654,9,O,True,17120,17351,17849,False,False,0,,<memory at 0x000001E010BEDB40>,,,
17851,17113,0,RI_ConstraintTrigger_a_17851,1655,17,O,True,17120,17351,17849,False,False,0,,<memory at 0x000001E010BEDCC0>,,,
17852,17120,0,RI_ConstraintTrigger_c_17852,1644,5,O,True,17113,17351,17849,False,False,0,,<memory at 0x000001E010BEDE40>,,,
17853,17120,0,RI_ConstraintTrigger_c_17853,1645,17,O,True,17113,17351,17849,False,False,0,,<memory at 0x000001E010BEDFC0>,,,
17855,16441,0,RI_ConstraintTrigger_a_17855,1654,9,O,True,17128,17456,17854,False,False,0,,<memory at 0x000001E010BEE140>,,,
17856,16441,0,RI_ConstraintTrigger_a_17856,1655,17,O,True,17128,17456,17854,False,False,0,,<memory at 0x000001E010BEE2C0>,,,
17857,17128,0,RI_ConstraintTrigger_c_17857,1644,5,O,True,16441,17456,17854,False,False,0,,<memory at 0x000001E010BEE440>,,,
17858,17128,0,RI_ConstraintTrigger_c_17858,1645,17,O,True,16441,17456,17854,False,False,0,,<memory at 0x000001E010BEE5C0>,,,
17860,17274,0,RI_ConstraintTrigger_a_17860,1654,9,O,True,17128,17730,17859,False,False,0,,<memory at 0x000001E010BEE740>,,,
17861,17274,0,RI_ConstraintTrigger_a_17861,1655,17,O,True,17128,17730,17859,False,False,0,,<memory at 0x000001E010BEE8C0>,,,
17862,17128,0,RI_ConstraintTrigger_c_17862,1644,5,O,True,17274,17730,17859,False,False,0,,<memory at 0x000001E010BEEA40>,,,
17863,17128,0,RI_ConstraintTrigger_c_17863,1645,17,O,True,17274,17730,17859,False,False,0,,<memory at 0x000001E010BEEBC0>,,,
17865,17223,0,RI_ConstraintTrigger_a_17865,1654,9,O,True,17128,17664,17864,False,False,0,,<memory at 0x000001E010BEED40>,,,
17866,17223,0,RI_ConstraintTrigger_a_17866,1655,17,O,True,17128,17664,17864,False,False,0,,<memory at 0x000001E010BEEEC0>,,,
17867,17128,0,RI_ConstraintTrigger_c_17867,1644,5,O,True,17223,17664,17864,False,False,0,,<memory at 0x000001E010BEF040>,,,
17868,17128,0,RI_ConstraintTrigger_c_17868,1645,17,O,True,17223,17664,17864,False,False,0,,<memory at 0x000001E010BEF1C0>,,,
17870,16539,0,RI_ConstraintTrigger_a_17870,1654,9,O,True,16611,17404,17869,False,False,0,,<memory at 0x000001E010BEF340>,,,
17871,16539,0,RI_ConstraintTrigger_a_17871,1655,17,O,True,16611,17404,17869,False,False,0,,<memory at 0x000001E010BEF4C0>,,,
17872,16611,0,RI_ConstraintTrigger_c_17872,1644,5,O,True,16539,17404,17869,False,False,0,,<memory at 0x000001E010BEF640>,,,
17873,16611,0,RI_ConstraintTrigger_c_17873,1645,17,O,True,16539,17404,17869,False,False,0,,<memory at 0x000001E010BEF7C0>,,,
17875,16441,0,RI_ConstraintTrigger_a_17875,1654,9,O,True,16499,17456,17874,False,False,0,,<memory at 0x000001E010BEF940>,,,
17876,16441,0,RI_ConstraintTrigger_a_17876,1655,17,O,True,16499,17456,17874,False,False,0,,<memory at 0x000001E010BEFAC0>,,,
17877,16499,0,RI_ConstraintTrigger_c_17877,1644,5,O,True,16441,17456,17874,False,False,0,,<memory at 0x000001E010BEFC40>,,,
17878,16499,0,RI_ConstraintTrigger_c_17878,1645,17,O,True,16441,17456,17874,False,False,0,,<memory at 0x000001E010BEFDC0>,,,
17880,16441,0,RI_ConstraintTrigger_a_17880,1654,9,O,True,16539,17456,17879,False,False,0,,<memory at 0x000001E010BEFF40>,,,
17881,16441,0,RI_ConstraintTrigger_a_17881,1655,17,O,True,16539,17456,17879,False,False,0,,<memory at 0x000001E010B94100>,,,
17882,16539,0,RI_ConstraintTrigger_c_17882,1644,5,O,True,16441,17456,17879,False,False,0,,<memory at 0x000001E010B94280>,,,
17883,16539,0,RI_ConstraintTrigger_c_17883,1645,17,O,True,16441,17456,17879,False,False,0,,<memory at 0x000001E010B94400>,,,
17885,16532,0,RI_ConstraintTrigger_a_17885,1654,9,O,True,16556,17396,17884,False,False,0,,<memory at 0x000001E010B94580>,,,
17886,16532,0,RI_ConstraintTrigger_a_17886,1655,17,O,True,16556,17396,17884,False,False,0,,<memory at 0x000001E010B94700>,,,
17887,16556,0,RI_ConstraintTrigger_c_17887,1644,5,O,True,16532,17396,17884,False,False,0,,<memory at 0x000001E010B94880>,,,
17888,16556,0,RI_ConstraintTrigger_c_17888,1645,17,O,True,16532,17396,17884,False,False,0,,<memory at 0x000001E010B94A00>,,,
17890,16539,0,RI_ConstraintTrigger_a_17890,1654,9,O,True,16556,17404,17889,False,False,0,,<memory at 0x000001E010B94B80>,,,
17891,16539,0,RI_ConstraintTrigger_a_17891,1655,17,O,True,16556,17404,17889,False,False,0,,<memory at 0x000001E010B94D00>,,,
17892,16556,0,RI_ConstraintTrigger_c_17892,1644,5,O,True,16539,17404,17889,False,False,0,,<memory at 0x000001E010B94E80>,,,
17893,16556,0,RI_ConstraintTrigger_c_17893,1645,17,O,True,16539,17404,17889,False,False,0,,<memory at 0x000001E010B95000>,,,
17895,16578,0,RI_ConstraintTrigger_a_17895,1654,9,O,True,16556,17686,17894,False,False,0,,<memory at 0x000001E010B95180>,,,
17896,16578,0,RI_ConstraintTrigger_a_17896,1655,17,O,True,16556,17686,17894,False,False,0,,<memory at 0x000001E010B95300>,,,
17897,16556,0,RI_ConstraintTrigger_c_17897,1644,5,O,True,16578,17686,17894,False,False,0,,<memory at 0x000001E010B95480>,,,
17898,16556,0,RI_ConstraintTrigger_c_17898,1645,17,O,True,16578,17686,17894,False,False,0,,<memory at 0x000001E010B95600>,,,
17900,16539,0,RI_ConstraintTrigger_a_17900,1654,9,O,True,16561,17404,17899,False,False,0,,<memory at 0x000001E010B95780>,,,
17901,16539,0,RI_ConstraintTrigger_a_17901,1655,17,O,True,16561,17404,17899,False,False,0,,<memory at 0x000001E010B95900>,,,
17902,16561,0,RI_ConstraintTrigger_c_17902,1644,5,O,True,16539,17404,17899,False,False,0,,<memory at 0x000001E010B95A80>,,,
17903,16561,0,RI_ConstraintTrigger_c_17903,1645,17,O,True,16539,17404,17899,False,False,0,,<memory at 0x000001E010B95C00>,,,
17905,16539,0,RI_ConstraintTrigger_a_17905,1654,9,O,True,16570,17404,17904,False,False,0,,<memory at 0x000001E010B95D80>,,,
17906,16539,0,RI_ConstraintTrigger_a_17906,1655,17,O,True,16570,17404,17904,False,False,0,,<memory at 0x000001E010B95F00>,,,
17907,16570,0,RI_ConstraintTrigger_c_17907,1644,5,O,True,16539,17404,17904,False,False,0,,<memory at 0x000001E010B96080>,,,
17908,16570,0,RI_ConstraintTrigger_c_17908,1645,17,O,True,16539,17404,17904,False,False,0,,<memory at 0x000001E010B96200>,,,
17910,16441,0,RI_ConstraintTrigger_a_17910,1654,9,O,True,16505,17456,17909,False,False,0,,<memory at 0x000001E010B96380>,,,
17911,16441,0,RI_ConstraintTrigger_a_17911,1655,17,O,True,16505,17456,17909,False,False,0,,<memory at 0x000001E010B96500>,,,
17912,16505,0,RI_ConstraintTrigger_c_17912,1644,5,O,True,16441,17456,17909,False,False,0,,<memory at 0x000001E010B96680>,,,
17913,16505,0,RI_ConstraintTrigger_c_17913,1645,17,O,True,16441,17456,17909,False,False,0,,<memory at 0x000001E010B96800>,,,
17915,16435,0,RI_ConstraintTrigger_a_17915,1654,9,O,True,16441,17305,17914,False,False,0,,<memory at 0x000001E010B96980>,,,
17916,16435,0,RI_ConstraintTrigger_a_17916,1655,17,O,True,16441,17305,17914,False,False,0,,<memory at 0x000001E010B96B00>,,,
17917,16441,0,RI_ConstraintTrigger_c_17917,1644,5,O,True,16435,17305,17914,False,False,0,,<memory at 0x000001E010B96C80>,,,
17918,16441,0,RI_ConstraintTrigger_c_17918,1645,17,O,True,16435,17305,17914,False,False,0,,<memory at 0x000001E010B96E00>,,,
17920,16441,0,RI_ConstraintTrigger_a_17920,1654,9,O,True,17136,17456,17919,False,False,0,,<memory at 0x000001E010B96F80>,,,
17921,16441,0,RI_ConstraintTrigger_a_17921,1655,17,O,True,17136,17456,17919,False,False,0,,<memory at 0x000001E010B97100>,,,
17922,17136,0,RI_ConstraintTrigger_c_17922,1644,5,O,True,16441,17456,17919,False,False,0,,<memory at 0x000001E010B97280>,,,
17923,17136,0,RI_ConstraintTrigger_c_17923,1645,17,O,True,16441,17456,17919,False,False,0,,<memory at 0x000001E010B97400>,,,
17925,17108,0,RI_ConstraintTrigger_a_17925,1654,9,O,True,17136,17345,17924,False,False,0,,<memory at 0x000001E010B97580>,,,
17926,17108,0,RI_ConstraintTrigger_a_17926,1655,17,O,True,17136,17345,17924,False,False,0,,<memory at 0x000001E010B97700>,,,
17927,17136,0,RI_ConstraintTrigger_c_17927,1644,5,O,True,17108,17345,17924,False,False,0,,<memory at 0x000001E010B97880>,,,
17928,17136,0,RI_ConstraintTrigger_c_17928,1645,17,O,True,17108,17345,17924,False,False,0,,<memory at 0x000001E010B97A00>,,,
17930,16441,0,RI_ConstraintTrigger_a_17930,1654,9,O,True,16518,17456,17929,False,False,0,,<memory at 0x000001E010B97B80>,,,
17931,16441,0,RI_ConstraintTrigger_a_17931,1655,17,O,True,16518,17456,17929,False,False,0,,<memory at 0x000001E010B97D00>,,,
17932,16518,0,RI_ConstraintTrigger_c_17932,1644,5,O,True,16441,17456,17929,False,False,0,,<memory at 0x000001E010B97E80>,,,
17933,16518,0,RI_ConstraintTrigger_c_17933,1645,17,O,True,16441,17456,17929,False,False,0,,<memory at 0x000001E010B68040>,,,
17935,16511,0,RI_ConstraintTrigger_a_17935,1654,9,O,True,16518,17474,17934,False,False,0,,<memory at 0x000001E010B681C0>,,,
17936,16511,0,RI_ConstraintTrigger_a_17936,1655,17,O,True,16518,17474,17934,False,False,0,,<memory at 0x000001E010B68340>,,,
17937,16518,0,RI_ConstraintTrigger_c_17937,1644,5,O,True,16511,17474,17934,False,False,0,,<memory at 0x000001E010B684C0>,,,
17938,16518,0,RI_ConstraintTrigger_c_17938,1645,17,O,True,16511,17474,17934,False,False,0,,<memory at 0x000001E010B68640>,,,
17940,16786,0,RI_ConstraintTrigger_a_17940,1654,9,O,True,16651,17754,17939,False,False,0,,<memory at 0x000001E010B687C0>,,,
17941,16786,0,RI_ConstraintTrigger_a_17941,1655,17,O,True,16651,17754,17939,False,False,0,,<memory at 0x000001E010B68940>,,,
17942,16651,0,RI_ConstraintTrigger_c_17942,1644,5,O,True,16786,17754,17939,False,False,0,,<memory at 0x000001E010B68AC0>,,,
17943,16651,0,RI_ConstraintTrigger_c_17943,1645,17,O,True,16786,17754,17939,False,False,0,,<memory at 0x000001E010B68C40>,,,
17945,16786,0,RI_ConstraintTrigger_a_17945,1654,9,O,True,16651,17754,17944,False,False,0,,<memory at 0x000001E010B68DC0>,,,
17946,16786,0,RI_ConstraintTrigger_a_17946,1655,17,O,True,16651,17754,17944,False,False,0,,<memory at 0x000001E010B68F40>,,,
17947,16651,0,RI_ConstraintTrigger_c_17947,1644,5,O,True,16786,17754,17944,False,False,0,,<memory at 0x000001E010B690C0>,,,
17948,16651,0,RI_ConstraintTrigger_c_17948,1645,17,O,True,16786,17754,17944,False,False,0,,<memory at 0x000001E010B69240>,,,
17950,16642,0,RI_ConstraintTrigger_a_17950,1654,9,O,True,16651,17534,17949,False,False,0,,<memory at 0x000001E010B693C0>,,,
17951,16642,0,RI_ConstraintTrigger_a_17951,1655,17,O,True,16651,17534,17949,False,False,0,,<memory at 0x000001E010B69540>,,,
17952,16651,0,RI_ConstraintTrigger_c_17952,1644,5,O,True,16642,17534,17949,False,False,0,,<memory at 0x000001E010B696C0>,,,
17953,16651,0,RI_ConstraintTrigger_c_17953,1645,17,O,True,16642,17534,17949,False,False,0,,<memory at 0x000001E010B69840>,,,
17955,16633,0,RI_ConstraintTrigger_a_17955,1654,9,O,True,16651,17572,17954,False,False,0,,<memory at 0x000001E010B699C0>,,,
17956,16633,0,RI_ConstraintTrigger_a_17956,1655,17,O,True,16651,17572,17954,False,False,0,,<memory at 0x000001E010B69B40>,,,
17957,16651,0,RI_ConstraintTrigger_c_17957,1644,5,O,True,16633,17572,17954,False,False,0,,<memory at 0x000001E010B69CC0>,,,
17958,16651,0,RI_ConstraintTrigger_c_17958,1645,17,O,True,16633,17572,17954,False,False,0,,<memory at 0x000001E010B69E40>,,,
17960,16651,0,RI_ConstraintTrigger_a_17960,1654,9,O,True,16671,17482,17959,False,False,0,,<memory at 0x000001E010B69FC0>,,,
17961,16651,0,RI_ConstraintTrigger_a_17961,1655,17,O,True,16671,17482,17959,False,False,0,,<memory at 0x000001E010B6A140>,,,
17962,16671,0,RI_ConstraintTrigger_c_17962,1644,5,O,True,16651,17482,17959,False,False,0,,<memory at 0x000001E010B6A2C0>,,,
17963,16671,0,RI_ConstraintTrigger_c_17963,1645,17,O,True,16651,17482,17959,False,False,0,,<memory at 0x000001E010B6A440>,,,
17965,16651,0,RI_ConstraintTrigger_a_17965,1654,9,O,True,16686,17482,17964,False,False,0,,<memory at 0x000001E010B6A5C0>,,,
17966,16651,0,RI_ConstraintTrigger_a_17966,1655,17,O,True,16686,17482,17964,False,False,0,,<memory at 0x000001E010B6A740>,,,
17967,16686,0,RI_ConstraintTrigger_c_17967,1644,5,O,True,16651,17482,17964,False,False,0,,<memory at 0x000001E010B6A8C0>,,,
17968,16686,0,RI_ConstraintTrigger_c_17968,1645,17,O,True,16651,17482,17964,False,False,0,,<memory at 0x000001E010B6AA40>,,,
17970,16611,0,RI_ConstraintTrigger_a_17970,1654,9,O,True,16686,17381,17969,False,False,0,,<memory at 0x000001E010B6ABC0>,,,
17971,16611,0,RI_ConstraintTrigger_a_17971,1655,17,O,True,16686,17381,17969,False,False,0,,<memory at 0x000001E010B6AD40>,,,
17972,16686,0,RI_ConstraintTrigger_c_17972,1644,5,O,True,16611,17381,17969,False,False,0,,<memory at 0x000001E010B6AEC0>,,,
17973,16686,0,RI_ConstraintTrigger_c_17973,1645,17,O,True,16611,17381,17969,False,False,0,,<memory at 0x000001E010B6B040>,,,
17975,16693,0,RI_ConstraintTrigger_a_17975,1654,9,O,True,16704,17442,17974,False,False,0,,<memory at 0x000001E010B6B1C0>,,,
17976,16693,0,RI_ConstraintTrigger_a_17976,1655,17,O,True,16704,17442,17974,False,False,0,,<memory at 0x000001E010B6B340>,,,
17977,16704,0,RI_ConstraintTrigger_c_17977,1644,5,O,True,16693,17442,17974,False,False,0,,<memory at 0x000001E010B6B4C0>,,,
17978,16704,0,RI_ConstraintTrigger_c_17978,1645,17,O,True,16693,17442,17974,False,False,0,,<memory at 0x000001E010B6B640>,,,
17980,16651,0,RI_ConstraintTrigger_a_17980,1654,9,O,True,16704,17482,17979,False,False,0,,<memory at 0x000001E010B6B7C0>,,,
17981,16651,0,RI_ConstraintTrigger_a_17981,1655,17,O,True,16704,17482,17979,False,False,0,,<memory at 0x000001E010B6B940>,,,
17982,16704,0,RI_ConstraintTrigger_c_17982,1644,5,O,True,16651,17482,17979,False,False,0,,<memory at 0x000001E010B6BAC0>,,,
17983,16704,0,RI_ConstraintTrigger_c_17983,1645,17,O,True,16651,17482,17979,False,False,0,,<memory at 0x000001E010B6BC40>,,,
17985,16651,0,RI_ConstraintTrigger_a_17985,1654,9,O,True,16711,17482,17984,False,False,0,,<memory at 0x000001E010B6BDC0>,,,
17986,16651,0,RI_ConstraintTrigger_a_17986,1655,17,O,True,16711,17482,17984,False,False,0,,<memory at 0x000001E010B6BF40>,,,
17987,16711,0,RI_ConstraintTrigger_c_17987,1644,5,O,True,16651,17482,17984,False,False,0,,<memory at 0x000001E010B58100>,,,
17988,16711,0,RI_ConstraintTrigger_c_17988,1645,17,O,True,16651,17482,17984,False,False,0,,<memory at 0x000001E010B58280>,,,
17990,16642,0,RI_ConstraintTrigger_a_17990,1654,9,O,True,16727,17534,17989,False,False,0,,<memory at 0x000001E010B58400>,,,
17991,16642,0,RI_ConstraintTrigger_a_17991,1655,17,O,True,16727,17534,17989,False,False,0,,<memory at 0x000001E010B58580>,,,
17992,16727,0,RI_ConstraintTrigger_c_17992,1644,5,O,True,16642,17534,17989,False,False,0,,<memory at 0x000001E010B58700>,,,
17993,16727,0,RI_ConstraintTrigger_c_17993,1645,17,O,True,16642,17534,17989,False,False,0,,<memory at 0x000001E010B58880>,,,
17995,16720,0,RI_ConstraintTrigger_a_17995,1654,9,O,True,16727,17434,17994,False,False,0,,<memory at 0x000001E010B58A00>,,,
17996,16720,0,RI_ConstraintTrigger_a_17996,1655,17,O,True,16727,17434,17994,False,False,0,,<memory at 0x000001E010B58B80>,,,
17997,16727,0,RI_ConstraintTrigger_c_17997,1644,5,O,True,16720,17434,17994,False,False,0,,<memory at 0x000001E010B58D00>,,,
17998,16727,0,RI_ConstraintTrigger_c_17998,1645,17,O,True,16720,17434,17994,False,False,0,,<memory at 0x000001E010B58E80>,,,
18005,16605,0,RI_ConstraintTrigger_a_18005,1654,9,O,True,16731,17373,18004,False,False,0,,<memory at 0x000001E010B59000>,,,
18006,16605,0,RI_ConstraintTrigger_a_18006,1655,17,O,True,16731,17373,18004,False,False,0,,<memory at 0x000001E010B59180>,,,
18007,16731,0,RI_ConstraintTrigger_c_18007,1644,5,O,True,16605,17373,18004,False,False,0,,<memory at 0x000001E010B59300>,,,
18008,16731,0,RI_ConstraintTrigger_c_18008,1645,17,O,True,16605,17373,18004,False,False,0,,<memory at 0x000001E010B59480>,,,
18010,16642,0,RI_ConstraintTrigger_a_18010,1654,9,O,True,16731,17534,18009,False,False,0,,<memory at 0x000001E010B59600>,,,
18011,16642,0,RI_ConstraintTrigger_a_18011,1655,17,O,True,16731,17534,18009,False,False,0,,<memory at 0x000001E010B59780>,,,
18012,16731,0,RI_ConstraintTrigger_c_18012,1644,5,O,True,16642,17534,18009,False,False,0,,<memory at 0x000001E010B59900>,,,
18013,16731,0,RI_ConstraintTrigger_c_18013,1645,17,O,True,16642,17534,18009,False,False,0,,<memory at 0x000001E010B59A80>,,,
18015,16651,0,RI_ConstraintTrigger_a_18015,1654,9,O,True,16743,17482,18014,False,False,0,,<memory at 0x000001E010B59C00>,,,
18016,16651,0,RI_ConstraintTrigger_a_18016,1655,17,O,True,16743,17482,18014,False,False,0,,<memory at 0x000001E010B59D80>,,,
18017,16743,0,RI_ConstraintTrigger_c_18017,1644,5,O,True,16651,17482,18014,False,False,0,,<memory at 0x000001E010B59F00>,,,
18018,16743,0,RI_ConstraintTrigger_c_18018,1645,17,O,True,16651,17482,18014,False,False,0,,<memory at 0x000001E010B5A080>,,,
18020,16736,0,RI_ConstraintTrigger_a_18020,1654,9,O,True,16743,17554,18019,False,False,0,,<memory at 0x000001E010B5A200>,,,
18021,16736,0,RI_ConstraintTrigger_a_18021,1655,17,O,True,16743,17554,18019,False,False,0,,<memory at 0x000001E010B5A380>,,,
18022,16743,0,RI_ConstraintTrigger_c_18022,1644,5,O,True,16736,17554,18019,False,False,0,,<memory at 0x000001E010B5A500>,,,
18023,16743,0,RI_ConstraintTrigger_c_18023,1645,17,O,True,16736,17554,18019,False,False,0,,<memory at 0x000001E010B5A680>,,,
18025,16651,0,RI_ConstraintTrigger_a_18025,1654,9,O,True,16749,17482,18024,False,False,0,,<memory at 0x000001E010B5A800>,,,
18026,16651,0,RI_ConstraintTrigger_a_18026,1655,17,O,True,16749,17482,18024,False,False,0,,<memory at 0x000001E010B5A980>,,,
18027,16749,0,RI_ConstraintTrigger_c_18027,1644,5,O,True,16651,17482,18024,False,False,0,,<memory at 0x000001E010B5AB00>,,,
18028,16749,0,RI_ConstraintTrigger_c_18028,1645,17,O,True,16651,17482,18024,False,False,0,,<memory at 0x000001E010B5AC80>,,,
18030,16624,0,RI_ConstraintTrigger_a_18030,1654,9,O,True,16633,17490,18029,False,False,0,,<memory at 0x000001E010B5AE00>,,,
18031,16624,0,RI_ConstraintTrigger_a_18031,1655,17,O,True,16633,17490,18029,False,False,0,,<memory at 0x000001E010B5AF80>,,,
18032,16633,0,RI_ConstraintTrigger_c_18032,1644,5,O,True,16624,17490,18029,False,False,0,,<memory at 0x000001E010B5B100>,,,
18033,16633,0,RI_ConstraintTrigger_c_18033,1645,17,O,True,16624,17490,18029,False,False,0,,<memory at 0x000001E010B5B280>,,,
18035,16651,0,RI_ConstraintTrigger_a_18035,1654,9,O,True,17037,17482,18034,False,False,0,,<memory at 0x000001E010B5B400>,,,
18036,16651,0,RI_ConstraintTrigger_a_18036,1655,17,O,True,17037,17482,18034,False,False,0,,<memory at 0x000001E010B5B580>,,,
18037,17037,0,RI_ConstraintTrigger_c_18037,1644,5,O,True,16651,17482,18034,False,False,0,,<memory at 0x000001E010B5B700>,,,
18038,17037,0,RI_ConstraintTrigger_c_18038,1645,17,O,True,16651,17482,18034,False,False,0,,<memory at 0x000001E010B5B880>,,,
18040,16786,0,RI_ConstraintTrigger_a_18040,1654,9,O,True,17037,17754,18039,False,False,0,,<memory at 0x000001E010B5BA00>,,,
18041,16786,0,RI_ConstraintTrigger_a_18041,1655,17,O,True,17037,17754,18039,False,False,0,,<memory at 0x000001E010B5BB80>,,,
18042,17037,0,RI_ConstraintTrigger_c_18042,1644,5,O,True,16786,17754,18039,False,False,0,,<memory at 0x000001E010B5BD00>,,,
18043,17037,0,RI_ConstraintTrigger_c_18043,1645,17,O,True,16786,17754,18039,False,False,0,,<memory at 0x000001E010B5BE80>,,,
18045,17093,0,RI_ConstraintTrigger_a_18045,1654,9,O,True,17037,17762,18044,False,False,0,,<memory at 0x000001E010B84040>,,,
18046,17093,0,RI_ConstraintTrigger_a_18046,1655,17,O,True,17037,17762,18044,False,False,0,,<memory at 0x000001E010B841C0>,,,
18047,17037,0,RI_ConstraintTrigger_c_18047,1644,5,O,True,17093,17762,18044,False,False,0,,<memory at 0x000001E010B84340>,,,
18048,17037,0,RI_ConstraintTrigger_c_18048,1645,17,O,True,17093,17762,18044,False,False,0,,<memory at 0x000001E010B844C0>,,,
18050,16651,0,RI_ConstraintTrigger_a_18050,1654,9,O,True,17050,17482,18049,False,False,0,,<memory at 0x000001E010B84640>,,,
18051,16651,0,RI_ConstraintTrigger_a_18051,1655,17,O,True,17050,17482,18049,False,False,0,,<memory at 0x000001E010B847C0>,,,
18052,17050,0,RI_ConstraintTrigger_c_18052,1644,5,O,True,16651,17482,18049,False,False,0,,<memory at 0x000001E010B84940>,,,
18053,17050,0,RI_ConstraintTrigger_c_18053,1645,17,O,True,16651,17482,18049,False,False,0,,<memory at 0x000001E010B84AC0>,,,
18055,17062,0,RI_ConstraintTrigger_a_18055,1654,9,O,True,17050,17596,18054,False,False,0,,<memory at 0x000001E010B84C40>,,,
18056,17062,0,RI_ConstraintTrigger_a_18056,1655,17,O,True,17050,17596,18054,False,False,0,,<memory at 0x000001E010B84DC0>,,,
18057,17050,0,RI_ConstraintTrigger_c_18057,1644,5,O,True,17062,17596,18054,False,False,0,,<memory at 0x000001E010B84F40>,,,
18058,17050,0,RI_ConstraintTrigger_c_18058,1645,17,O,True,17062,17596,18054,False,False,0,,<memory at 0x000001E010B850C0>,,,
18060,16539,0,RI_ConstraintTrigger_a_18060,1654,9,O,True,17062,17404,18059,False,False,0,,<memory at 0x000001E010B85240>,,,
18061,16539,0,RI_ConstraintTrigger_a_18061,1655,17,O,True,17062,17404,18059,False,False,0,,<memory at 0x000001E010B853C0>,,,
18062,17062,0,RI_ConstraintTrigger_c_18062,1644,5,O,True,16539,17404,18059,False,False,0,,<memory at 0x000001E010B85540>,,,
18063,17062,0,RI_ConstraintTrigger_c_18063,1645,17,O,True,16539,17404,18059,False,False,0,,<memory at 0x000001E010B856C0>,,,
18065,17093,0,RI_ConstraintTrigger_a_18065,1654,9,O,True,17062,17762,18064,False,False,0,,<memory at 0x000001E010B85840>,,,
18066,17093,0,RI_ConstraintTrigger_a_18066,1655,17,O,True,17062,17762,18064,False,False,0,,<memory at 0x000001E010B859C0>,,,
18067,17062,0,RI_ConstraintTrigger_c_18067,1644,5,O,True,17093,17762,18064,False,False,0,,<memory at 0x000001E010B85B40>,,,
18068,17062,0,RI_ConstraintTrigger_c_18068,1645,17,O,True,17093,17762,18064,False,False,0,,<memory at 0x000001E010B85CC0>,,,
18070,17081,0,RI_ConstraintTrigger_a_18070,1654,9,O,True,17062,17694,18069,False,False,0,,<memory at 0x000001E010B85E40>,,,
18071,17081,0,RI_ConstraintTrigger_a_18071,1655,17,O,True,17062,17694,18069,False,False,0,,<memory at 0x000001E010B85FC0>,,,
18072,17062,0,RI_ConstraintTrigger_c_18072,1644,5,O,True,17081,17694,18069,False,False,0,,<memory at 0x000001E010B86140>,,,
18073,17062,0,RI_ConstraintTrigger_c_18073,1645,17,O,True,17081,17694,18069,False,False,0,,<memory at 0x000001E010B862C0>,,,
18075,17154,0,RI_ConstraintTrigger_a_18075,1646,9,O,True,17141,17618,18074,False,False,0,,<memory at 0x000001E010B86440>,,,
18076,17154,0,RI_ConstraintTrigger_a_18076,1655,17,O,True,17141,17618,18074,False,False,0,,<memory at 0x000001E010B865C0>,,,
18077,17141,0,RI_ConstraintTrigger_c_18077,1644,5,O,True,17154,17618,18074,False,False,0,,<memory at 0x000001E010B86740>,,,
18078,17141,0,RI_ConstraintTrigger_c_18078,1645,17,O,True,17154,17618,18074,False,False,0,,<memory at 0x000001E010B868C0>,,,
18080,17269,0,RI_ConstraintTrigger_a_18080,1654,9,O,True,17141,17716,18079,False,False,0,,<memory at 0x000001E010B86A40>,,,
18081,17269,0,RI_ConstraintTrigger_a_18081,1655,17,O,True,17141,17716,18079,False,False,0,,<memory at 0x000001E010B86BC0>,,,
18082,17141,0,RI_ConstraintTrigger_c_18082,1644,5,O,True,17269,17716,18079,False,False,0,,<memory at 0x000001E010B86D40>,,,
18083,17141,0,RI_ConstraintTrigger_c_18083,1645,17,O,True,17269,17716,18079,False,False,0,,<memory at 0x000001E010B86EC0>,,,
18085,16463,0,RI_ConstraintTrigger_a_18085,1654,9,O,True,17154,17287,18084,False,False,0,,<memory at 0x000001E010B87040>,,,
18086,16463,0,RI_ConstraintTrigger_a_18086,1655,17,O,True,17154,17287,18084,False,False,0,,<memory at 0x000001E010B871C0>,,,
18087,17154,0,RI_ConstraintTrigger_c_18087,1644,5,O,True,16463,17287,18084,False,False,0,,<memory at 0x000001E010B87340>,,,
18088,17154,0,RI_ConstraintTrigger_c_18088,1645,17,O,True,16463,17287,18084,False,False,0,,<memory at 0x000001E010B874C0>,,,
18090,16463,0,RI_ConstraintTrigger_a_18090,1654,9,O,True,17154,17287,18089,False,False,0,,<memory at 0x000001E010B87640>,,,
18091,16463,0,RI_ConstraintTrigger_a_18091,1655,17,O,True,17154,17287,18089,False,False,0,,<memory at 0x000001E010B877C0>,,,
18092,17154,0,RI_ConstraintTrigger_c_18092,1644,5,O,True,16463,17287,18089,False,False,0,,<memory at 0x000001E010B87940>,,,
18093,17154,0,RI_ConstraintTrigger_c_18093,1645,17,O,True,16463,17287,18089,False,False,0,,<memory at 0x000001E010B87AC0>,,,
18095,17108,0,RI_ConstraintTrigger_a_18095,1654,9,O,True,17154,17345,18094,False,False,0,,<memory at 0x000001E010B87C40>,,,
18096,17108,0,RI_ConstraintTrigger_a_18096,1655,17,O,True,17154,17345,18094,False,False,0,,<memory at 0x000001E010B87DC0>,,,
18097,17154,0,RI_ConstraintTrigger_c_18097,1644,5,O,True,17108,17345,18094,False,False,0,,<memory at 0x000001E010B87F40>,,,
18098,17154,0,RI_ConstraintTrigger_c_18098,1645,17,O,True,17108,17345,18094,False,False,0,,<memory at 0x000001E010B98100>,,,
18100,17120,0,RI_ConstraintTrigger_a_18100,1654,9,O,True,17154,17359,18099,False,False,0,,<memory at 0x000001E010B98280>,,,
18101,17120,0,RI_ConstraintTrigger_a_18101,1655,17,O,True,17154,17359,18099,False,False,0,,<memory at 0x000001E010B98400>,,,
18102,17154,0,RI_ConstraintTrigger_c_18102,1644,5,O,True,17120,17359,18099,False,False,0,,<memory at 0x000001E010B98580>,,,
18103,17154,0,RI_ConstraintTrigger_c_18103,1645,17,O,True,17120,17359,18099,False,False,0,,<memory at 0x000001E010B98700>,,,
18105,17128,0,RI_ConstraintTrigger_a_18105,1654,9,O,True,17154,17367,18104,False,False,0,,<memory at 0x000001E010B98880>,,,
18106,17128,0,RI_ConstraintTrigger_a_18106,1655,17,O,True,17154,17367,18104,False,False,0,,<memory at 0x000001E010B98A00>,,,
18107,17154,0,RI_ConstraintTrigger_c_18107,1644,5,O,True,17128,17367,18104,False,False,0,,<memory at 0x000001E010B98B80>,,,
18108,17154,0,RI_ConstraintTrigger_c_18108,1645,17,O,True,17128,17367,18104,False,False,0,,<memory at 0x000001E010B98D00>,,,
18110,17179,0,RI_ConstraintTrigger_a_18110,1654,9,O,True,17154,17632,18109,False,False,0,,<memory at 0x000001E010B98E80>,,,
18111,17179,0,RI_ConstraintTrigger_a_18111,1655,17,O,True,17154,17632,18109,False,False,0,,<memory at 0x000001E010B99000>,,,
18112,17154,0,RI_ConstraintTrigger_c_18112,1644,5,O,True,17179,17632,18109,False,False,0,,<memory at 0x000001E010B99180>,,,
18113,17154,0,RI_ConstraintTrigger_c_18113,1645,17,O,True,17179,17632,18109,False,False,0,,<memory at 0x000001E010B99300>,,,
18115,17081,0,RI_ConstraintTrigger_a_18115,1654,9,O,True,17154,17694,18114,False,False,0,,<memory at 0x000001E010B99480>,,,
18116,17081,0,RI_ConstraintTrigger_a_18116,1655,17,O,True,17154,17694,18114,False,False,0,,<memory at 0x000001E010B99600>,,,
18117,17154,0,RI_ConstraintTrigger_c_18117,1644,5,O,True,17081,17694,18114,False,False,0,,<memory at 0x000001E010B99780>,,,
18118,17154,0,RI_ConstraintTrigger_c_18118,1645,17,O,True,17081,17694,18114,False,False,0,,<memory at 0x000001E010B99900>,,,
18120,17223,0,RI_ConstraintTrigger_a_18120,1654,9,O,True,17154,17664,18119,False,False,0,,<memory at 0x000001E010B99A80>,,,
18121,17223,0,RI_ConstraintTrigger_a_18121,1655,17,O,True,17154,17664,18119,False,False,0,,<memory at 0x000001E010B99C00>,,,
18122,17154,0,RI_ConstraintTrigger_c_18122,1644,5,O,True,17223,17664,18119,False,False,0,,<memory at 0x000001E010B99D80>,,,
18123,17154,0,RI_ConstraintTrigger_c_18123,1645,17,O,True,17223,17664,18119,False,False,0,,<memory at 0x000001E010B99F00>,,,
18125,17204,0,RI_ConstraintTrigger_a_18125,1654,9,O,True,17175,17648,18124,False,False,0,,<memory at 0x000001E010B9A080>,,,
18126,17204,0,RI_ConstraintTrigger_a_18126,1655,17,O,True,17175,17648,18124,False,False,0,,<memory at 0x000001E010B9A200>,,,
18127,17175,0,RI_ConstraintTrigger_c_18127,1644,5,O,True,17204,17648,18124,False,False,0,,<memory at 0x000001E010B9A380>,,,
18128,17175,0,RI_ConstraintTrigger_c_18128,1645,17,O,True,17204,17648,18124,False,False,0,,<memory at 0x000001E010B9A500>,,,
18130,17154,0,RI_ConstraintTrigger_a_18130,1646,9,O,True,17175,17618,18129,False,False,0,,<memory at 0x000001E010B9A680>,,,
18131,17154,0,RI_ConstraintTrigger_a_18131,1655,17,O,True,17175,17618,18129,False,False,0,,<memory at 0x000001E010B9A800>,,,
18132,17175,0,RI_ConstraintTrigger_c_18132,1644,5,O,True,17154,17618,18129,False,False,0,,<memory at 0x000001E010B9A980>,,,
18133,17175,0,RI_ConstraintTrigger_c_18133,1645,17,O,True,17154,17618,18129,False,False,0,,<memory at 0x000001E010B9AB00>,,,
18135,16539,0,RI_ConstraintTrigger_a_18135,1654,9,O,True,17179,17404,18134,False,False,0,,<memory at 0x000001E010B9AC80>,,,
18136,16539,0,RI_ConstraintTrigger_a_18136,1655,17,O,True,17179,17404,18134,False,False,0,,<memory at 0x000001E010B9AE00>,,,
18137,17179,0,RI_ConstraintTrigger_c_18137,1644,5,O,True,16539,17404,18134,False,False,0,,<memory at 0x000001E010B9AF80>,,,
18138,17179,0,RI_ConstraintTrigger_c_18138,1645,17,O,True,16539,17404,18134,False,False,0,,<memory at 0x000001E010B9B100>,,,
18140,17223,0,RI_ConstraintTrigger_a_18140,1654,9,O,True,17179,17664,18139,False,False,0,,<memory at 0x000001E010B9B280>,,,
18141,17223,0,RI_ConstraintTrigger_a_18141,1655,17,O,True,17179,17664,18139,False,False,0,,<memory at 0x000001E010B9B400>,,,
18142,17179,0,RI_ConstraintTrigger_c_18142,1644,5,O,True,17223,17664,18139,False,False,0,,<memory at 0x000001E010B9B580>,,,
18143,17179,0,RI_ConstraintTrigger_c_18143,1645,17,O,True,17223,17664,18139,False,False,0,,<memory at 0x000001E010B9B700>,,,
18145,17179,0,RI_ConstraintTrigger_a_18145,1654,9,O,True,17195,17632,18144,False,False,0,,<memory at 0x000001E010B9B880>,,,
18146,17179,0,RI_ConstraintTrigger_a_18146,1655,17,O,True,17195,17632,18144,False,False,0,,<memory at 0x000001E010B9BA00>,,,
18147,17195,0,RI_ConstraintTrigger_c_18147,1644,5,O,True,17179,17632,18144,False,False,0,,<memory at 0x000001E010B9BB80>,,,
18148,17195,0,RI_ConstraintTrigger_c_18148,1645,17,O,True,17179,17632,18144,False,False,0,,<memory at 0x000001E010B9BD00>,,,
18150,16453,0,RI_ConstraintTrigger_a_18150,1654,9,O,True,17212,17722,18149,False,False,0,,<memory at 0x000001E010B9BE80>,,,
18151,16453,0,RI_ConstraintTrigger_a_18151,1655,17,O,True,17212,17722,18149,False,False,0,,<memory at 0x000001E010C00040>,,,
18152,17212,0,RI_ConstraintTrigger_c_18152,1644,5,O,True,16453,17722,18149,False,False,0,,<memory at 0x000001E010C001C0>,,,
18153,17212,0,RI_ConstraintTrigger_c_18153,1645,17,O,True,16453,17722,18149,False,False,0,,<memory at 0x000001E010C00340>,,,
18155,16524,0,RI_ConstraintTrigger_a_18155,1654,9,O,True,17223,17337,18154,False,False,0,,<memory at 0x000001E010C004C0>,,,
18156,16524,0,RI_ConstraintTrigger_a_18156,1655,17,O,True,17223,17337,18154,False,False,0,,<memory at 0x000001E010C00640>,,,
18157,17223,0,RI_ConstraintTrigger_c_18157,1644,5,O,True,16524,17337,18154,False,False,0,,<memory at 0x000001E010C007C0>,,,
18158,17223,0,RI_ConstraintTrigger_c_18158,1645,17,O,True,16524,17337,18154,False,False,0,,<memory at 0x000001E010C00940>,,,
18160,17179,0,RI_ConstraintTrigger_a_18160,1654,9,O,True,17239,17632,18159,False,False,0,,<memory at 0x000001E010C00AC0>,,,
18161,17179,0,RI_ConstraintTrigger_a_18161,1655,17,O,True,17239,17632,18159,False,False,0,,<memory at 0x000001E010C00C40>,,,
18162,17239,0,RI_ConstraintTrigger_c_18162,1644,5,O,True,17179,17632,18159,False,False,0,,<memory at 0x000001E010C00DC0>,,,
18163,17239,0,RI_ConstraintTrigger_c_18163,1645,17,O,True,17179,17632,18159,False,False,0,,<memory at 0x000001E010C00F40>,,,
18165,17223,0,RI_ConstraintTrigger_a_18165,1654,9,O,True,17239,17664,18164,False,False,0,,<memory at 0x000001E010C010C0>,,,
18166,17223,0,RI_ConstraintTrigger_a_18166,1655,17,O,True,17239,17664,18164,False,False,0,,<memory at 0x000001E010C01240>,,,
18167,17239,0,RI_ConstraintTrigger_c_18167,1644,5,O,True,17223,17664,18164,False,False,0,,<memory at 0x000001E010C013C0>,,,
18168,17239,0,RI_ConstraintTrigger_c_18168,1645,17,O,True,17223,17664,18164,False,False,0,,<memory at 0x000001E010C01540>,,,
18170,16651,0,RI_ConstraintTrigger_a_18170,1654,9,O,True,17246,17482,18169,False,False,0,,<memory at 0x000001E010C016C0>,,,
18171,16651,0,RI_ConstraintTrigger_a_18171,1655,17,O,True,17246,17482,18169,False,False,0,,<memory at 0x000001E010C01840>,,,
18172,17246,0,RI_ConstraintTrigger_c_18172,1644,5,O,True,16651,17482,18169,False,False,0,,<memory at 0x000001E010C019C0>,,,
18173,17246,0,RI_ConstraintTrigger_c_18173,1645,17,O,True,16651,17482,18169,False,False,0,,<memory at 0x000001E010C01B40>,,,
18175,16651,0,RI_ConstraintTrigger_a_18175,1654,9,O,True,17269,17482,18174,False,False,0,,<memory at 0x000001E010C01CC0>,,,
18176,16651,0,RI_ConstraintTrigger_a_18176,1655,17,O,True,17269,17482,18174,False,False,0,,<memory at 0x000001E010C01E40>,,,
18177,17269,0,RI_ConstraintTrigger_c_18177,1644,5,O,True,16651,17482,18174,False,False,0,,<memory at 0x000001E010C01FC0>,,,
18178,17269,0,RI_ConstraintTrigger_c_18178,1645,17,O,True,16651,17482,18174,False,False,0,,<memory at 0x000001E010C02140>,,,
18180,17255,0,RI_ConstraintTrigger_a_18180,1654,9,O,True,17269,17708,18179,False,False,0,,<memory at 0x000001E010C022C0>,,,
18181,17255,0,RI_ConstraintTrigger_a_18181,1655,17,O,True,17269,17708,18179,False,False,0,,<memory at 0x000001E010C02440>,,,
18182,17269,0,RI_ConstraintTrigger_c_18182,1644,5,O,True,17255,17708,18179,False,False,0,,<memory at 0x000001E010C025C0>,,,
18183,17269,0,RI_ConstraintTrigger_c_18183,1645,17,O,True,17255,17708,18179,False,False,0,,<memory at 0x000001E010C02740>,,,
18185,16524,0,RI_ConstraintTrigger_a_18185,1654,9,O,True,16453,17337,18184,False,False,0,,<memory at 0x000001E010C028C0>,,,
18186,16524,0,RI_ConstraintTrigger_a_18186,1655,17,O,True,16453,17337,18184,False,False,0,,<memory at 0x000001E010C02A40>,,,
18187,16453,0,RI_ConstraintTrigger_c_18187,1644,5,O,True,16524,17337,18184,False,False,0,,<memory at 0x000001E010C02BC0>,,,
18188,16453,0,RI_ConstraintTrigger_c_18188,1645,17,O,True,16524,17337,18184,False,False,0,,<memory at 0x000001E010C02D40>,,,
18190,17223,0,RI_ConstraintTrigger_a_18190,1654,9,O,True,16453,17664,18189,False,False,0,,<memory at 0x000001E010C02EC0>,,,
18191,17223,0,RI_ConstraintTrigger_a_18191,1655,17,O,True,16453,17664,18189,False,False,0,,<memory at 0x000001E010C03040>,,,
18192,16453,0,RI_ConstraintTrigger_c_18192,1644,5,O,True,17223,17664,18189,False,False,0,,<memory at 0x000001E010C031C0>,,,
18193,16453,0,RI_ConstraintTrigger_c_18193,1645,17,O,True,17223,17664,18189,False,False,0,,<memory at 0x000001E010C03340>,,,
18195,16435,0,RI_ConstraintTrigger_a_18195,1654,9,O,True,17274,17305,18194,False,False,0,,<memory at 0x000001E010C034C0>,,,
18196,16435,0,RI_ConstraintTrigger_a_18196,1655,17,O,True,17274,17305,18194,False,False,0,,<memory at 0x000001E010C03640>,,,
18197,17274,0,RI_ConstraintTrigger_c_18197,1644,5,O,True,16435,17305,18194,False,False,0,,<memory at 0x000001E010C037C0>,,,
18198,17274,0,RI_ConstraintTrigger_c_18198,1645,17,O,True,16435,17305,18194,False,False,0,,<memory at 0x000001E010C03940>,,,
18200,17179,0,RI_ConstraintTrigger_a_18200,1654,9,O,True,17274,17632,18199,False,False,0,,<memory at 0x000001E010C03AC0>,,,
18201,17179,0,RI_ConstraintTrigger_a_18201,1655,17,O,True,17274,17632,18199,False,False,0,,<memory at 0x000001E010C03C40>,,,
18202,17274,0,RI_ConstraintTrigger_c_18202,1644,5,O,True,17179,17632,18199,False,False,0,,<memory at 0x000001E010C03DC0>,,,
18203,17274,0,RI_ConstraintTrigger_c_18203,1645,17,O,True,17179,17632,18199,False,False,0,,<memory at 0x000001E010C03F40>,,,
18205,16651,0,RI_ConstraintTrigger_a_18205,1654,9,O,True,16767,17482,18204,False,False,0,,<memory at 0x000001E010B4C100>,,,
18206,16651,0,RI_ConstraintTrigger_a_18206,1655,17,O,True,16767,17482,18204,False,False,0,,<memory at 0x000001E010B4C280>,,,
18207,16767,0,RI_ConstraintTrigger_c_18207,1644,5,O,True,16651,17482,18204,False,False,0,,<memory at 0x000001E010B4C400>,,,
18208,16767,0,RI_ConstraintTrigger_c_18208,1645,17,O,True,16651,17482,18204,False,False,0,,<memory at 0x000001E010B4C580>,,,
18210,16435,0,RI_ConstraintTrigger_a_18210,1654,9,O,True,17093,17305,18209,False,False,0,,<memory at 0x000001E010B4C700>,,,
18211,16435,0,RI_ConstraintTrigger_a_18211,1655,17,O,True,17093,17305,18209,False,False,0,,<memory at 0x000001E010B4C880>,,,
18212,17093,0,RI_ConstraintTrigger_c_18212,1644,5,O,True,16435,17305,18209,False,False,0,,<memory at 0x000001E010B4CA00>,,,
18213,17093,0,RI_ConstraintTrigger_c_18213,1645,17,O,True,16435,17305,18209,False,False,0,,<memory at 0x000001E010B4CB80>,,,
18215,16651,0,RI_ConstraintTrigger_a_18215,1654,9,O,True,16793,17482,18214,False,False,0,,<memory at 0x000001E010B4CD00>,,,
18216,16651,0,RI_ConstraintTrigger_a_18216,1655,17,O,True,16793,17482,18214,False,False,0,,<memory at 0x000001E010B4CE80>,,,
18217,16793,0,RI_ConstraintTrigger_c_18217,1644,5,O,True,16651,17482,18214,False,False,0,,<memory at 0x000001E010B4D000>,,,
18218,16793,0,RI_ConstraintTrigger_c_18218,1645,17,O,True,16651,17482,18214,False,False,0,,<memory at 0x000001E010B4D180>,,,
18220,16759,0,RI_ConstraintTrigger_a_18220,1654,9,O,True,16793,17678,18219,False,False,0,,<memory at 0x000001E010B4D300>,,,
18221,16759,0,RI_ConstraintTrigger_a_18221,1655,17,O,True,16793,17678,18219,False,False,0,,<memory at 0x000001E010B4D480>,,,
18222,16793,0,RI_ConstraintTrigger_c_18222,1644,5,O,True,16759,17678,18219,False,False,0,,<memory at 0x000001E010B4D600>,,,
18223,16793,0,RI_ConstraintTrigger_c_18223,1645,17,O,True,16759,17678,18219,False,False,0,,<memory at 0x000001E010B4D780>,,,
18225,16693,0,RI_ConstraintTrigger_a_18225,1654,9,O,True,16801,17442,18224,False,False,0,,<memory at 0x000001E010B4D900>,,,
18226,16693,0,RI_ConstraintTrigger_a_18226,1655,17,O,True,16801,17442,18224,False,False,0,,<memory at 0x000001E010B4DA80>,,,
18227,16801,0,RI_ConstraintTrigger_c_18227,1644,5,O,True,16693,17442,18224,False,False,0,,<memory at 0x000001E010B4DC00>,,,
18228,16801,0,RI_ConstraintTrigger_c_18228,1645,17,O,True,16693,17442,18224,False,False,0,,<memory at 0x000001E010B4DD80>,,,
18230,16793,0,RI_ConstraintTrigger_a_18230,1654,9,O,True,16801,17770,18229,False,False,0,,<memory at 0x000001E010B4DF00>,,,
18231,16793,0,RI_ConstraintTrigger_a_18231,1655,17,O,True,16801,17770,18229,False,False,0,,<memory at 0x000001E010B4E080>,,,
18232,16801,0,RI_ConstraintTrigger_c_18232,1644,5,O,True,16793,17770,18229,False,False,0,,<memory at 0x000001E010B4E200>,,,
18233,16801,0,RI_ConstraintTrigger_c_18233,1645,17,O,True,16793,17770,18229,False,False,0,,<memory at 0x000001E010B4E380>,,,
